code_insee;taux_evolution;taux_evolution_due_solde_migratoire;taux_evolution_due_solde_naturel;nombre_d_equipements_culturels;nombre_d_equipements_sportifs;nombre_de_festivals
01033;-0.01;-0.49;0.48;10.0;50;1.0
01202;0.58;0.39;0.19;3.0;19;0.0
01265;0.64;0.34;0.29;1.0;13;0.0
01266;0.93;2.2;-1.28;3.0;12;1.0
01306;0.38;1.63;-1.24;5.0;11;0.0
02173;-0.48;-0.43;-0.05;7.0;48;2.0
02305;-1.19;-0.62;-0.57;5.0;16;0.0
02307;-0.61;-0.31;-0.29;10.0;12;0.0
02381;-0.92;-0.58;-0.34;4.0;38;1.0
02468;-0.44;0.6;-1.04;4.0;11;0.0
02676;-0.71;-1.11;0.39;3.0;4;0.0
03118;-0.24;0.49;-0.72;10.0;21;2.0
03138;0.38;2;-1.63;10.0;15;2.0
03195;-0.9;0.17;-1.07;15.0;14;0.0
04039;-0.96;-0.43;-0.53;8.0;11;0.0
04049;-0.33;-0.13;-0.2;10.0;27;2.0
05006;-0.29;-0.14;-0.15;10.0;18;3.0
05065;-0.07;0.49;-0.55;5.0;19;1.0
05179;0.41;1.27;-0.86;2.0;33;1.0
06130;0.66;0.51;0.15;3.0;12;0.0
06163;-1.21;0.63;-1.84;12.0;12;0.0
07201;0.19;1.78;-1.59;7.0;7;1.0
07204;-0.66;0.41;-1.07;2.0;7;2.0
07324;1.35;1.59;-0.24;18.0;13;2.0
07330;0.71;2.06;-1.36;16.0;11;0.0
07334;-0.08;0.91;-0.99;9.0;9;2.0
08363;-1.88;-1.46;-0.42;8.0;24;1.0
08420;-1.19;0;-1.19;2.0;6;0.0
08490;-1.45;-0.39;-1.06;6.0;24;1.0
09167;0.14;1.68;-1.53;5.0;7;0.0
09306;-1.04;0.2;-1.24;9.0;11;1.0
10003;-0.69;0.07;-0.76;7.0;18;0.0
10006;-0.38;0.62;-1;4.0;17;0.0
10033;-0.77;-0.22;-0.55;19.0;28;2.0
10268;-0.44;-0.54;0.1;10.0;26;0.0
11076;2.13;2.66;-0.53;24.0;57;6.0
11091;0.49;2.8;-2.31;3.0;8;1.0
11129;-2.2;-0.03;-2.17;3.0;9;1.0
12052;-0.5;0.34;-0.84;4.0;10;2.0
12120;0.57;1.33;-0.77;4.0;11;0.0
12197;-0.37;1.13;-1.5;2.0;15;0.0
12208;-0.5;0.15;-0.65;7.0;37;0.0
12209;-0.2;2.33;-2.52;1.0;5;0.0
12270;-0.22;0.17;-0.39;17.0;18;0.0
13100;-0.27;0.27;-0.54;33.0;29;2.0
13105;-0.44;-0.66;0.21;2.0;16;0.0
14174;-1.72;-0.85;-0.87;4.0;15;0.0
14200;-0.73;-0.86;0.13;12.0;12;0.0
14228;-0.3;0.16;-0.46;8.0;21;1.0
14514;0.46;1.51;-1.05;20.0;20;0.0
14764;-0.95;-0.62;-0.33;1.0;9;2.0
15119;0.73;2.31;-1.58;4.0;10;2.0
15187;-0.53;-0.13;-0.39;40.0;28;3.0
15265;-1.49;0.17;-1.65;4.0;10;0.0
15267;0.54;0.57;-0.03;2.0;12;0.0
15268;0.14;2.02;-1.87;1.0;6;0.0
17172;0.91;1.72;-0.81;4.0;13;0.0
17197;0.47;1.72;-1.25;8.0;29;2.0
17347;-0.96;0.55;-1.51;16.0;33;3.0
17387;0.78;1.33;-0.56;5.0;12;0.0
18058;-0.79;0.43;-1.22;4.0;8;0.0
18233;-0.66;0.81;-1.47;3.0;9;0.0
21292;-0.56;-0.53;-0.03;2.0;16;0.0
21554;-1.61;0.97;-2.58;4.0;5;0.0
21603;-0.23;0.85;-1.07;17.0;31;3.0
22025;0.18;2.41;-2.23;3.0;15;2.0
22070;0.49;1.01;-0.52;22.0;22;3.0
22093;0.2;0.38;-0.18;32.0;83;3.0
22162;-0.02;1.48;-1.5;18.0;33;3.0
22183;0.49;0.58;-0.09;7.0;14;0.0
22194;0.17;2.15;-1.98;10.0;17;2.0
23031;-0.45;2.22;-2.67;7.0;9;0.0
23069;0.25;1.19;-0.93;2.0;8;0.0
23070;-0.97;0.89;-1.86;7.0;2;1.0
23100;-1.12;-0.63;-0.49;3.0;6;0.0
23131;-2.04;-0.98;-1.07;2.0;4;0.0
24551;-0.16;1.26;-1.42;4.0;12;0.0
25022;0.57;0.47;0.1;2.0;9;0.0
25334;0.95;1.09;-0.14;2.0;15;0.0
25434;0.25;0.63;-0.38;17.0;19;1.0
25505;-2.29;-0.71;-1.58;1.0;5;0.0
25512;1.54;1.03;0.51;2.0;12;2.0
26095;2.18;2.4;-0.22;2.0;10;0.0
26165;0.71;0.48;0.23;4.0;16;0.0
26307;-1.06;-0.24;-0.82;3.0;13;2.0
27116;-0.42;0.33;-0.75;2.0;16;1.0
27151;-1.15;-0.65;-0.5;1.0;3;0.0
27246;-0.46;-0.59;0.13;1.0;14;0.0
27355;-0.64;-0.19;-0.46;5.0;8;0.0
27377;-0.72;1.04;-1.75;7.0;4;0.0
27493;0.09;-0.15;0.24;2.0;12;0.0
28196;-0.55;0.59;-1.14;10.0;16;0.0
28214;-1;0.2;-1.2;2.0;12;1.0
28391;-0.34;-0.59;0.25;2.0;12;0.0
29024;-0.15;0.85;-1;12.0;33;3.0
29039;1.2;2.03;-0.83;15.0;48;5.0
29043;0.6;1.33;-0.72;6.0;7;0.0
29053;1.03;1.63;-0.6;29.0;7;0.0
29072;-0.14;1.37;-1.5;4.0;10;1.0
29105;0.21;0.26;-0.05;7.0;34;1.0
29162;-0.62;0.17;-0.8;2.0;22;0.0
29217;-0.06;1.53;-1.59;12.0;14;0.0
29284;0.14;1.04;-0.9;7.0;7;2.0
2A247;-0.86;-1.46;0.6;6.0;22;4.0
2B152;0.36;1.21;-0.85;3.0;5;0.0
30032;-0.43;-0.78;0.35;61.0;36;0.0
30133;0.01;1.06;-1.06;8.0;29;1.0
30210;1.25;1.37;-0.12;2.0;13;0.0
30321;0.98;1.05;-0.07;7.0;16;3.0
31454;0.45;0.87;-0.41;2.0;8;0.0
32132;-0.46;0.59;-1.05;4.0;18;2.0
32147;0.45;1.14;-0.69;7.0;23;0.0
32344;-0.69;0.88;-1.57;2.0;20;1.0
33389;0.23;0.86;-0.63;2.0;9;1.0
33402;1.34;3.65;-2.3;10.0;4;4.0
34081;2;2.46;-0.46;6.0;6;0.0
34114;1.89;1.49;0.4;11.0;20;1.0
34150;-0.36;0.29;-0.65;3.0;17;0.0
34189;-1.05;-0.12;-0.92;3.0;13;0.0
34239;1.87;1.54;0.32;1.0;12;0.0
34284;-1.43;0.05;-1.49;8.0;18;1.0
35004;-0.57;0.49;-1.07;6.0;11;0.0
35012;0.53;0.63;-0.1;6.0;12;2.0
35069;1.6;1.07;0.53;6.0;21;3.0
35239;1.04;1.22;-0.18;3.0;10;2.0
35257;1.29;1.6;-0.3;4.0;10;0.0
36031;0.12;1.12;-1.01;5.0;23;1.0
36034;0.16;1.04;-0.87;4.0;15;0.0
36063;0.06;0.19;-0.14;10.0;31;0.0
36230;-1.02;0.37;-1.39;3.0;9;1.0
37091;1.91;1.43;0.48;5.0;7;0.0
37123;-0.96;-0.87;-0.09;11.0;21;1.0
37130;-0.83;1.15;-1.99;5.0;10;1.0
37226;-0.81;0.38;-1.19;11.0;15;0.0
38034;0.38;0.75;-0.37;2.0;12;2.0
38087;1.25;0.38;0.87;1.0;12;0.0
39333;0.4;0.63;-0.24;7.0;14;2.0
39500;-1.58;0.55;-2.12;26.0;15;1.0
40002;0.18;1.24;-1.05;4.0;12;1.0
40102;-0.28;2.13;-2.41;2.0;13;0.0
40119;0.01;0.63;-0.61;3.0;18;0.0
40194;0.24;1.71;-1.48;2.0;7;0.0
40331;0.24;1.28;-1.04;1.0;7;0.0
41123;1.09;4.06;-2.97;2.0;4;0.0
41143;-1.16;1.19;-2.35;6.0;12;0.0
41167;-1.17;-0.61;-0.56;4.0;10;2.0
41171;-0.44;-0.28;-0.16;1.0;7;0.0
41269;-0.99;-0.44;-0.55;30.0;43;8.0
42052;0.08;1.13;-1.05;20.0;17;0.0
42181;-0.82;-0.23;-0.58;2.0;5;0.0
42289;0.45;1.31;-0.86;3.0;5;0.0
43003;-1.66;0.42;-2.08;8.0;7;1.0
43141;-1.57;-0.84;-0.73;2.0;7;0.0
43234;-1.27;0.36;-1.63;9.0;17;1.0
43268;0.52;0.92;-0.41;3.0;31;3.0
44084;1.24;0.8;0.44;4.0;16;0.0
44116;-0.97;-0.05;-0.92;2.0;16;1.0
45053;-1.38;-0.82;-0.57;5.0;17;3.0
45082;0.78;0.48;0.29;8.0;16;0.0
45145;0.47;0.7;-0.23;6.0;11;1.0
46038;0.04;1.09;-1.06;1.0;6;0.0
46045;-0.16;1.08;-1.24;5.0;13;1.0
46063;-0.8;0.11;-0.92;7.0;13;0.0
46251;-0.18;1.06;-1.25;10.0;13;2.0
47143;0.42;1.15;-0.73;1.0;8;0.0
47179;-0.11;0.59;-0.7;5.0;4;0.0
48096;-1.1;1.78;-2.88;4.0;13;0.0
49063;0.02;0.17;-0.15;4.0;26;1.0
49080;0.05;-0.12;0.16;17.0;42;1.0
49244;-0.02;-0.07;0.05;28.0;98;3.0
49331;0.09;0.25;-0.16;36.0;81;4.0
50041;-0.87;-1.11;0.24;33.0;62;1.0
50076;0.97;1.95;-0.98;2.0;12;0.0
50082;-0.29;-0.43;0.14;6.0;16;0.0
50099;0;0.54;-0.53;18.0;29;1.0
50197;0.09;0.53;-0.43;0.0;9;0.0
50218;-0.77;0.36;-1.13;23.0;27;3.0
50292;0.75;1.1;-0.35;3.0;9;0.0
50400;-0.49;-0.05;-0.45;5.0;9;0.0
50551;-1.07;-0.06;-1;6.0;9;0.0
50601;0.33;0.56;-0.23;3.0;14;0.0
50639;-0.23;0.76;-0.99;6.0;15;1.0
52008;-0.31;0.21;-0.52;3.0;4;0.0
52058;-0.68;-0.72;0.04;3.0;11;0.0
52197;-0.58;0.79;-1.37;2.0;11;0.0
52247;-2.07;-1.46;-0.61;0.0;4;0.0
52405;-1.72;-1.65;-0.07;7.0;12;0.0
53062;-0.05;0.32;-0.37;26.0;59;5.0
53152;-0.6;0.28;-0.87;2.0;20;1.0
55122;-1.51;-0.79;-0.72;16.0;24;2.0
55181;-0.64;-0.36;-0.28;3.0;16;0.0
55351;-1.32;-1.23;-0.09;8.0;6;0.0
55533;-0.45;1.08;-1.54;7.0;12;0.0
56091;0.27;2.36;-2.1;22.0;20;2.0
56169;0.15;0.36;-0.21;8.0;25;1.0
56184;1.22;1.43;-0.21;13.0;25;2.0
56186;-0.86;0.72;-1.58;19.0;42;3.0
56240;2.32;3.58;-1.27;12.0;34;3.0
57089;-0.88;-0.59;-0.29;5.0;39;1.0
57097;-0.29;-0.05;-0.24;1.0;24;1.0
57332;-1.24;-0.89;-0.36;5.0;28;1.0
57483;-0.52;-0.33;-0.18;3.0;26;0.0
57650;0.58;0.4;0.17;3.0;9;0.0
58065;-0.67;0.09;-0.76;3.0;6;0.0
58145;-0.43;1.49;-1.92;2.0;5;4.0
58151;-0.86;0.06;-0.92;2.0;9;0.0
58182;-1.09;0.79;-1.88;7.0;5;0.0
58304;-2.45;-0.22;-2.24;11.0;4;0.0
59249;-1.26;-1.2;-0.06;7.0;21;0.0
59571;-0.72;-0.35;-0.37;2.0;10;0.0
60395;-0.44;-1.05;0.61;5.0;32;0.0
60577;-0.13;-0.3;0.18;3.0;9;0.0
61038;-1.2;1.94;-3.14;7.0;12;0.0
61181;-0.99;0.32;-1.31;3.0;10;0.0
61214;-0.48;0;-0.48;13.0;28;2.0
62364;-0.55;0.4;-0.95;1.0;11;0.0
62397;-0.41;-0.36;-0.05;2.0;14;0.0
63040;0.22;1.46;-1.24;25.0;17;3.0
63132;0.77;2.58;-1.81;3.0;7;0.0
64062;0.31;0.64;-0.32;6.0;17;0.0
64063;-0.7;0.67;-1.37;1.0;8;0.0
64233;-0.77;1.16;-1.94;2.0;11;0.0
64331;-0.53;0.13;-0.66;3.0;9;0.0
64405;0.8;0.75;0.05;2.0;32;0.0
64493;1.74;3.55;-1.81;2.0;23;0.0
64519;0.69;0.48;0.2;1.0;19;1.0
65031;-0.54;-0.43;-0.11;7.0;4;0.0
65059;-1.3;0.21;-1.51;17.0;25;7.0
65258;-0.24;0.56;-0.8;4.0;15;0.0
65452;-1.14;1.24;-2.38;4.0;7;0.0
66049;-0.12;0.84;-0.96;9.0;24;6.0
66065;1.43;1.57;-0.14;11.0;25;0.0
66108;0.3;0.55;-0.25;3.0;17;1.0
66125;-1.57;-0.74;-0.83;4.0;4;1.0
66130;0.54;0.98;-0.43;3.0;15;1.0
66222;1.11;3;-1.88;1.0;8;0.0
67020;-1.16;-0.89;-0.27;1.0;2;0.0
67176;0.66;0.51;0.15;1.0;7;0.0
67281;0.61;0.6;0.01;3.0;17;0.0
67291;0.1;0.42;-0.32;1.0;10;0.0
67448;-1.46;-0.67;-0.79;2.0;6;0.0
68162;-1.01;-0.49;-0.52;36.0;19;0.0
68231;0.08;0.84;-0.76;16.0;4;0.0
69010;0.24;-0.21;0.45;4.0;21;0.0
69018;0.29;1.98;-1.7;4.0;10;0.0
69019;1.22;0.98;0.24;7.0;24;1.0
69288;0.7;0.32;0.38;1.0;16;0.0
70120;-0.49;-0.48;-0.01;2.0;14;0.0
70292;-1.17;-0.09;-1.08;5.0;12;1.0
71106;0.37;1.51;-1.14;11.0;14;1.0
71120;-0.22;0.91;-1.13;3.0;16;1.0
71137;0.64;1.61;-0.97;36.0;25;12.0
71158;0.32;2.8;-2.48;5.0;12;3.0
71178;-0.76;-1.11;0.35;2.0;5;0.0
71192;-1.04;0.06;-1.1;1.0;9;0.0
71351;-0.07;1.65;-1.72;5.0;10;0.0
71545;0.49;3.14;-2.64;3.0;5;0.0
72071;-1.09;-0.1;-0.99;11.0;38;1.0
72124;0.59;0.82;-0.24;4.0;21;0.0
72334;-0.9;0.99;-1.9;3.0;23;0.0
72363;-0.06;0.66;-0.72;2.0;14;0.0
73010;0.81;0.49;0.32;1.0;21;0.0
74119;0.45;0.4;0.06;12.0;24;5.0
74169;1.39;0.91;0.47;1.0;7;0.0
74264;1.15;0.3;0.86;3.0;9;0.0
76159;-0.62;-0.64;0.02;6.0;12;0.0
76196;0.29;0.83;-0.54;3.0;8;0.0
76302;0.03;0.15;-0.12;2.0;13;0.0
76312;-0.95;-0.19;-0.76;6.0;13;0.0
76329;-0.32;-0.46;0.14;1.0;9;0.0
76392;-0.6;-0.03;-0.58;0.0;7;0.0
76647;1.51;2.34;-0.83;3.0;9;1.0
76648;-1.32;-0.32;-1.01;1.0;11;0.0
78310;0.76;1.63;-0.87;8.0;15;0.0
78321;1;1.17;-0.17;4.0;13;1.0
78380;0.63;0.55;0.08;7.0;12;0.0
79174;-1.2;-0.02;-1.18;17.0;43;4.0
79202;-0.53;0.02;-0.55;25.0;31;4.0
79307;-1.39;-0.18;-1.21;2.0;14;1.0
79329;-0.15;0.17;-0.32;36.0;50;4.0
80570;-0.03;0.36;-0.39;3.0;19;0.0
80620;-0.8;0.28;-1.08;7.0;57;3.0
80685;-0.88;-0.17;-0.72;4.0;32;1.0
81003;-0.14;-0.05;-0.09;2.0;7;0.0
81033;-0.84;-0.75;-0.09;0.0;20;1.0
81069;-2.7;0.39;-3.09;30.0;8;3.0
81099;0.26;0.61;-0.36;18.0;53;4.0
81222;0.73;1.07;-0.34;2.0;10;1.0
82022;-0.35;0.52;-0.86;1.0;3;0.0
82134;0.43;1.3;-0.87;8.0;21;0.0
83042;-0.86;-1.1;0.24;4.0;20;1.0
83073;0.35;0.48;-0.13;6.0;27;0.0
84054;0.41;0.57;-0.17;17.0;45;6.0
84072;1.18;1.26;-0.07;5.0;18;0.0
84080;0.59;0.17;0.42;5.0;27;0.0
84133;0.59;1.14;-0.56;6.0;11;3.0
85047;1.87;2.28;-0.41;8.0;52;0.0
85065;0.08;0.57;-0.48;1.0;7;0.0
85152;1.52;1.31;0.21;4.0;20;0.0
85288;1.73;2.22;-0.49;6.0;19;0.0
86070;-0.01;0.74;-0.76;14.0;24;2.0
86078;-0.67;1.59;-2.27;7.0;20;1.0
86092;-0.4;0.21;-0.61;1.0;14;0.0
86193;-0.53;0.57;-1.1;1.0;7;0.0
87011;-2.19;-0.95;-1.24;7.0;17;2.0
87040;-0.77;2.07;-2.84;3.0;7;0.0
88095;0.15;0.21;-0.07;4.0;8;0.0
88114;-1.27;-1.11;-0.15;4.0;18;0.0
88124;-1.03;1.14;-2.18;5.0;7;0.0
88181;-0.65;0.77;-1.42;3.0;9;0.0
88304;-1.78;-0.87;-0.91;12.0;21;2.0
89046;-2.65;-1.66;-0.99;4.0;5;0.0
89257;-0.04;0.01;-0.05;3.0;27;1.0
89418;-1.59;-0.73;-0.86;23.0;12;1.0
89461;-0.76;-0.42;-0.34;2.0;7;1.0
91359;0.39;0.28;0.1;4.0;8;0.0
91405;-0.44;0;-0.43;11.0;15;0.0
95652;0.55;0.47;0.08;4.0;13;1.0
97115;2.33;1.77;0.56;11.0;19;0.0
97357;4.59;1.85;2.73;0.0;5;0.0
97401;0.42;-0.42;0.84;3.0;20;0.0
97602;N/A - résultat non disponible;N/A - résultat non disponible;N/A - résultat non disponible;1.0;11;0.0
01185;-0.42;0.47;-0.88;3.0;29;2.0
01244;0.92;0.62;0.29;2.0;20;3.0
01269;-0.36;0.12;-0.48;5.0;12;1.0
01305;-0.79;0.62;-1.41;3.0;14;2.0
01350;0.14;-0.24;0.37;1.0;11;0.0
01420;-0.56;0.99;-1.55;2.0;13;0.0
01443;1.77;1.78;-0.01;5.0;18;1.0
02141;-0.41;0.67;-1.08;3.0;14;0.0
02430;-0.38;1.14;-1.52;4.0;8;0.0
02502;-1.59;-1.47;-0.13;3.0;5;0.0
02602;-1.09;-1.08;-0.01;1.0;12;0.0
02738;-0.37;-0.43;0.06;5.0;42;1.0
02758;0.08;0.41;-0.32;2.0;6;0.0
02810;-0.77;-0.99;0.22;13.0;32;0.0
03036;-0.01;1.9;-1.91;13.0;13;2.0
03082;-0.72;0.05;-0.77;4.0;19;0.0
03161;0.15;0.81;-0.67;2.0;6;0.0
03298;0.19;0.79;-0.6;1.0;18;0.0
04088;0.45;1.46;-1.01;18.0;21;4.0
04209;1.09;1.47;-0.38;12.0;20;1.0
05050;1.73;4.32;-2.59;1.0;3;0.0
05070;0.62;1.81;-1.2;3.0;20;5.0
05132;0.48;0.5;-0.02;5.0;14;0.0
05166;0.32;2.55;-2.22;5.0;15;0.0
06023;-0.48;0.75;-1.23;10.0;12;1.0
06103;0.12;1.9;-1.78;2.0;12;0.0
07132;-1.64;-0.83;-0.82;7.0;10;0.0
08419;-0.18;0.9;-1.08;1.0;4;1.0
08491;-0.64;-0.66;0.02;1.0;16;1.0
10034;-0.99;0.64;-1.63;7.0;10;0.0
10064;-0.99;0.49;-1.48;10.0;13;0.0
10080;-1.03;-0.03;-1;2.0;7;2.0
10140;-1.48;2.23;-3.71;5.0;5;0.0
11103;0.03;2.72;-2.69;2.0;8;1.0
11266;0.81;1.84;-1.03;1.0;20;2.0
11304;-1.4;-0.13;-1.26;4.0;22;0.0
11379;0.36;0.63;-0.26;6.0;17;0.0
12089;-1.28;-0.08;-1.2;10.0;22;1.0
12198;-0.48;0.57;-1.05;3.0;11;1.0
14027;-0.66;-0.53;-0.13;4.0;10;0.0
14035;-1.04;-0.62;-0.42;4.0;6;0.0
14061;-0.03;-0.21;0.18;9.0;28;0.0
14098;1.6;0.64;0.96;10.0;20;0.0
14126;-0.6;0.21;-0.81;6.0;6;0.0
14143;0.31;0.63;-0.32;4.0;7;0.0
14225;-1.7;-1.21;-0.49;11.0;14;2.0
14312;-1.04;1.02;-2.06;3.0;7;0.0
14333;-1.61;-1.42;-0.19;66.0;26;2.0
14342;-0.48;0.2;-0.68;5.0;12;0.0
14431;-0.58;-0.78;0.19;22.0;19;0.0
14654;-1.2;-0.57;-0.63;21.0;19;0.0
14711;-0.16;1.26;-1.42;3.0;8;0.0
15175;-0.5;-0.2;-0.29;6.0;4;0.0
16106;0.07;2.77;-2.7;21.0;15;2.0
16192;-0.6;0.35;-0.95;5.0;22;0.0
16281;-0.1;0.42;-0.52;9.0;14;1.0
16286;-0.23;0.72;-0.94;4.0;9;1.0
16366;-0.24;0.39;-0.63;3.0;11;0.0
17224;0.11;1.17;-1.05;6.0;11;0.0
17240;0.09;1;-0.91;2.0;21;2.0
17331;-0.2;1.85;-2.05;3.0;14;0.0
17421;-0.04;1.1;-1.15;1.0;21;2.0
18057;-2.09;-0.25;-1.83;7.0;13;1.0
18087;-1.75;-0.6;-1.15;7.0;13;0.0
18241;-1.16;-0.01;-1.14;8.0;7;1.0
19011;0.36;1.79;-1.43;3.0;7;0.0
19036;0.59;2.86;-2.27;3.0;16;2.0
19138;-0.42;1.44;-1.86;4.0;6;1.0
21501;0.99;2.23;-1.24;4.0;8;0.0
22004;0.3;1.02;-0.71;7.0;22;1.0
22050;0.7;1.97;-1.28;83.0;32;10.0
22136;0.25;0.63;-0.38;5.0;43;1.0
22137;-0.66;0.35;-1;2.0;6;1.0
22143;0.61;1.92;-1.31;3.0;6;1.0
22147;0.15;1.06;-0.91;3.0;18;1.0
22222;0.44;2.12;-1.68;5.0;15;3.0
22362;-0.42;2.59;-3.01;32.0;12;2.0
23008;-1.94;-0.02;-1.92;19.0;21;4.0
23025;0.57;3;-2.44;2.0;14;0.0
23045;-1.33;1.2;-2.54;5.0;10;0.0
23079;-1.59;0.35;-1.94;15.0;22;2.0
23089;-0.56;0.29;-0.85;1.0;4;0.0
23105;-1.1;-0.13;-0.98;2.0;3;0.0
23176;-1.24;-0.25;-0.99;11.0;31;1.0
24028;-0.92;0.33;-1.25;21.0;13;0.0
24294;1.09;2.37;-1.28;4.0;22;0.0
24396;-0.48;0.7;-1.17;6.0;10;0.0
25047;-0.81;-0.01;-0.8;9.0;22;0.0
25237;-0.33;-0.52;0.18;1.0;4;0.0
25315;-1.39;-0.57;-0.82;1.0;19;0.0
25411;0.04;0.08;-0.04;7.0;27;3.0
26063;-0.21;1.65;-1.86;4.0;16;1.0
26114;0.72;2.06;-1.34;8.0;10;3.0
27051;-1.42;-1.39;-0.03;3.0;19;0.0
27056;-1.34;-0.57;-0.77;16.0;44;1.0
27117;-1.5;-1.41;-0.09;3.0;6;0.0
27279;-0.1;-0.24;0.15;2.0;14;1.0
27448;-0.38;0.32;-0.7;3.0;20;0.0
27470;-0.4;-0.52;0.12;0.0;13;0.0
28027;-0.29;1.82;-2.11;2.0;4;0.0
28061;-0.63;0.73;-1.37;4.0;23;0.0
28149;-3.66;-3.25;-0.41;4.0;5;0.0
28279;-0.52;-0.04;-0.48;8.0;16;0.0
28387;-0.57;1.8;-2.36;2.0;9;0.0
29020;0.54;0.51;0.02;6.0;17;1.0
29158;-1.02;0.28;-1.3;16.0;15;2.0
29197;-0.33;0.96;-1.29;6.0;12;0.0
29199;-0.06;0.04;-0.1;3.0;19;0.0
29233;0.4;0.89;-0.48;25.0;49;4.0
29260;0.52;0.55;-0.03;4.0;34;0.0
29302;-1.22;-0.97;-0.24;2.0;24;0.0
2A249;-0.29;-0.14;-0.15;2.0;10;1.0
2B096;0.72;0.9;-0.18;17.0;21;0.0
30034;2.06;1.53;0.54;2.0;16;0.0
30132;-0.79;-0.17;-0.62;4.0;16;2.0
30263;-0.82;-0.32;-0.51;5.0;9;0.0
31033;1.22;1.24;-0.02;3.0;26;0.0
31239;-0.49;1.27;-1.76;3.0;6;0.0
31582;2.33;2.58;-0.24;4.0;23;0.0
32079;-0.73;0.03;-0.75;1.0;13;0.0
32233;-0.56;1.82;-2.37;6.0;9;1.0
32296;1.47;2.82;-1.35;4.0;17;1.0
32319;-0.75;1.59;-2.34;2.0;11;0.0
32410;0.36;1.06;-0.7;4.0;13;2.0
33042;2.36;2.07;0.29;5.0;11;0.0
33108;1.1;1.43;-0.33;4.0;13;1.0
33227;-0.1;0.52;-0.62;5.0;29;0.0
34079;1.13;1.39;-0.27;13.0;18;1.0
34101;0.34;0.66;-0.32;1.0;17;0.0
34111;0.14;1.51;-1.37;4.0;16;0.0
34147;0.79;1.11;-0.33;4.0;12;1.0
34199;-0.77;-0.17;-0.6;45.0;27;3.0
35023;1.19;0.38;0.81;1.0;7;0.0
35126;1.49;1.09;0.4;3.0;21;0.0
35152;2.42;2.24;0.18;4.0;24;1.0
35176;0.75;0.69;0.06;4.0;14;1.0
35184;2.12;2.09;0.03;5.0;13;0.0
35188;0.47;0.78;-0.31;8.0;19;0.0
35223;0.83;0.92;-0.09;4.0;12;2.0
35282;0.58;-0.43;1;6.0;7;0.0
35297;-0.03;0.98;-1.01;6.0;11;0.0
36001;-1.17;1;-2.17;3.0;9;0.0
36005;-0.41;-0.33;-0.08;2.0;11;0.0
36006;-0.36;0.75;-1.11;8.0;31;4.0
36045;-2.49;-0.22;-2.28;10.0;13;0.0
36046;-0.88;0.62;-1.5;14.0;15;0.0
36093;-0.79;0.3;-1.09;7.0;12;2.0
36228;-1.28;0.81;-2.08;5.0;10;1.0
37031;-0.73;0.26;-0.99;8.0;14;0.0
37063;-1.05;-0.92;-0.13;6.0;25;2.0
37225;0.08;-0.44;0.52;4.0;6;0.0
38226;0.48;2.32;-1.84;9.0;7;0.0
38269;-0.25;0.56;-0.81;3.0;16;0.0
39478;-1.8;-1.43;-0.37;12.0;27;1.0
40197;-0.39;0.93;-1.32;6.0;22;1.0
41136;0.09;0.1;-0.01;7.0;17;0.0
41151;-0.85;0.36;-1.21;14.0;14;0.0
41159;0.54;2.09;-1.55;2.0;6;0.0
41242;-1.05;0.27;-1.31;9.0;17;0.0
42011;-0.8;-0.28;-0.52;2.0;12;0.0
42165;-0.46;0.61;-1.08;2.0;13;0.0
42204;-0.82;0.96;-1.79;12.0;9;0.0
42224;0.25;0.5;-0.25;2.0;7;1.0
43112;-1.46;-0.02;-1.44;5.0;15;1.0
43135;-0.27;1.05;-1.32;7.0;9;1.0
43185;0.99;1.32;-0.33;2.0;10;0.0
43200;1.18;1.82;-0.65;3.0;11;0.0
43267;0.29;1.31;-1.01;1.0;6;0.0
44015;0.93;0.88;0.04;6.0;28;0.0
44072;1.35;1.02;0.33;6.0;22;0.0
44087;0.67;0.82;-0.15;6.0;25;1.0
44161;0.13;0.89;-0.76;2.0;14;1.0
44180;-0.17;-0.29;0.12;13.0;46;0.0
44195;1.97;1.95;0.02;3.0;36;0.0
44212;1.15;0.77;0.38;5.0;23;2.0
45028;0.27;0.57;-0.29;19.0;27;3.0
45115;-0.87;0.1;-0.97;3.0;17;0.0
45203;0.78;1.02;-0.24;13.0;22;5.0
45315;-0.71;-0.26;-0.45;8.0;17;1.0
46173;0.76;2.74;-1.97;6.0;9;0.0
46185;0.36;1.65;-1.29;13.0;7;3.0
46309;-0.79;0.41;-1.2;9.0;14;2.0
46330;0;N/A - division par 0;N/A - division par 0;5.0;5;0.0
47004;-0.89;-0.35;-0.55;8.0;11;0.0
47048;0.05;1.57;-1.52;2.0;7;0.0
47078;0.25;1.07;-0.82;3.0;12;0.0
47086;-1.36;0.93;-2.29;3.0;8;1.0
47168;-0.56;1.07;-1.63;1.0;13;2.0
48017;0.44;0.22;0.22;3.0;5;0.0
48039;-0.26;-0.37;0.1;5.0;16;1.0
48080;-0.16;1.1;-1.26;6.0;19;1.0
48140;-0.24;0.35;-0.59;5.0;29;0.0
49180;-0.38;-0.1;-0.28;6.0;18;0.0
49228;-0.76;-0.18;-0.59;25.0;44;1.0
49248;-0.24;0.12;-0.36;14.0;56;0.0
50031;-0.2;1.77;-1.98;5.0;11;0.0
50139;0.1;-0.04;0.14;2.0;14;0.0
50236;-0.18;0.5;-0.68;4.0;14;0.0
50359;-0.39;0.87;-1.26;4.0;15;0.0
50402;0.55;0.34;0.21;1.0;15;0.0
50417;0.01;0.27;-0.26;2.0;2;0.0
50523;-0.96;0.19;-1.15;9.0;10;0.0
51507;0.01;1.14;-1.13;8.0;28;0.0
51612;-1;0.49;-1.49;1.0;20;0.0
52050;-0.45;-0.56;0.11;2.0;9;0.0
52074;-0.37;0.02;-0.39;6.0;5;0.0
52269;-0.19;0.09;-0.28;54.0;26;6.0
53003;-1.07;0.01;-1.08;4.0;17;0.0
53084;-0.28;0.91;-1.19;7.0;23;1.0
53096;-0.53;0.31;-0.84;8.0;24;0.0
53107;-0.72;0.82;-1.54;3.0;17;0.0
53161;-0.62;-0.2;-0.41;8.0;15;0.0
54263;0.24;0.31;-0.07;1.0;14;0.0
54322;-0.65;-0.06;-0.59;2.0;15;0.0
55427;-1.25;-1.28;0.03;2.0;12;0.0
55463;-1.07;-0.06;-1.01;22.0;18;0.0
56001;0.36;1.25;-0.9;3.0;19;3.0
56057;-0.04;1.93;-1.97;12.0;14;0.0
56127;0.35;1.63;-1.29;2.0;17;0.0
56165;-0.14;0.41;-0.55;26.0;43;0.0
57207;-0.66;-0.77;0.11;0.0;22;0.0
58046;-0.84;0.8;-1.63;2.0;8;0.0
58062;-1.16;-0.37;-0.79;6.0;11;1.0
58083;-1.85;0.33;-2.19;4.0;7;3.0
58095;-1.45;0.03;-1.48;8.0;17;3.0
58227;-1.04;0.73;-1.77;5.0;5;0.0
58267;-1.09;0.95;-2.04;2.0;4;0.0
59015;0.65;1.1;-0.45;1.0;12;0.0
59035;-1.54;-1.25;-0.3;1.0;8;0.0
59037;-0.1;0.05;-0.15;1.0;15;0.0
59053;-0.46;0.17;-0.63;7.0;16;0.0
59331;-0.26;-0.01;-0.25;1.0;13;1.0
59481;-0.52;0.4;-0.93;5.0;16;0.0
60104;-1.44;-1.4;-0.04;5.0;21;0.0
60157;-0.12;0.31;-0.42;12.0;26;3.0
61230;-1.01;0.16;-1.17;8.0;15;0.0
61339;-0.55;0;-0.55;6.0;11;0.0
61464;-0.07;1.61;-1.68;15.0;14;1.0
61483;0.04;1.46;-1.42;5.0;10;3.0
61508;-1.86;0.28;-2.15;2.0;9;0.0
62063;-1.79;-1.92;0.13;3.0;3;0.0
62268;-0.63;-0.3;-0.33;3.0;16;0.0
62516;-0.34;-0.37;0.02;7.0;25;1.0
62588;-1.97;0.15;-2.12;19.0;5;1.0
63281;-0.83;2.22;-3.05;2.0;10;1.0
63291;-0.09;0.25;-0.33;3.0;13;0.0
63354;-1.13;0.27;-1.4;2.0;12;1.0
64371;-0.08;1.14;-1.23;6.0;17;1.0
64416;0.14;2.06;-1.91;5.0;13;1.0
64430;0.02;0.69;-0.67;17.0;65;2.0
64453;-0.07;1.08;-1.16;3.0;18;0.0
64485;-0.87;0.84;-1.71;8.0;20;0.0
65025;-0.74;0.8;-1.54;4.0;13;1.0
65375;-0.25;2.3;-2.55;2.0;8;0.0
65389;0.66;2.26;-1.6;2.0;5;0.0
66016;-0.35;1.22;-1.58;5.0;21;1.0
66071;0.37;0.53;-0.15;4.0;7;0.0
66124;-1.54;-1.37;-0.18;8.0;27;0.0
66148;-0.92;0.29;-1.21;13.0;16;2.0
66164;0.79;0.85;-0.05;5.0;22;0.0
66180;-0.48;-0.01;-0.46;1.0;25;0.0
66210;1.67;2.2;-0.53;4.0;23;2.0
67021;-0.22;-0.23;0.02;6.0;18;0.0
67061;-1.53;-1;-0.52;21.0;15;1.0
67101;0.18;1.04;-0.86;6.0;4;0.0
67414;-0.69;-0.17;-0.51;1.0;1;0.0
67507;-0.64;0.16;-0.8;5.0;10;0.0
68068;0.09;0.65;-0.56;2.0;10;0.0
68201;-0.65;0.28;-0.92;11.0;17;1.0
68226;0.37;1.43;-1.05;10.0;23;2.0
68249;-0.58;-0.12;-0.46;4.0;12;0.0
68298;-0.28;0.21;-0.49;13.0;18;2.0
68334;-0.28;0.06;-0.34;18.0;22;0.0
69141;1.97;1.88;0.09;11.0;19;2.0
70122;-0.93;0.03;-0.96;14.0;10;0.0
71073;-0.64;-0.11;-0.53;7.0;21;1.0
71133;-0.8;0.75;-1.54;4.0;17;2.0
71289;1.36;1.31;0.05;2.0;12;0.0
71394;0.4;1.17;-0.78;2.0;4;1.0
72023;0.56;1.31;-0.74;4.0;14;0.0
72035;-1.45;-0.27;-1.18;2.0;11;0.0
72039;-0.61;0.08;-0.69;3.0;13;0.0
72189;-1.13;0.87;-2;2.0;12;0.0
72223;-0.26;-0.44;0.18;2.0;13;0.0
73236;-0.13;0.06;-0.18;3.0;10;0.0
73270;0.97;0.96;0.01;3.0;14;0.0
73303;0.25;0.49;-0.24;2.0;21;0.0
74026;0.46;-0.29;0.74;1.0;11;0.0
74056;-0.5;-0.82;0.32;10.0;30;5.0
74081;-0.36;-0.94;0.58;8.0;17;0.0
74256;1.09;0.9;0.2;5.0;30;1.0
76051;0.07;-0.26;0.33;1.0;11;0.0
76114;-0.06;-0.09;0.03;10.0;18;0.0
76164;-0.26;0.63;-0.88;30.0;22;0.0
76400;-0.09;1.33;-1.42;2.0;4;0.0
76758;-0.97;-0.34;-0.63;10.0;23;0.0
77327;0.58;0.02;0.57;4.0;17;0.0
77475;0.35;-0.05;0.4;0.0;9;0.0
79013;0.01;1.06;-1.06;12.0;18;0.0
79062;0.05;0.28;-0.23;2.0;24;1.0
79148;-0.45;1.33;-1.78;1.0;11;0.0
79311;-0.4;0.99;-1.39;2.0;13;0.0
80010;-0.81;-0.71;-0.1;1.0;14;0.0
80222;-1.36;0.06;-1.41;1.0;7;0.0
80318;0.39;0.45;-0.06;3.0;20;0.0
80606;-0.65;0.37;-1.02;2.0;7;0.0
81037;0.06;1.16;-1.1;2.0;10;0.0
81060;0.76;1.51;-0.76;7.0;33;1.0
81140;0.2;0.44;-0.24;12.0;32;0.0
81220;0.98;1.09;-0.11;14.0;10;1.0
82087;-0.15;0.11;-0.26;4.0;15;0.0
82097;0.82;2.58;-1.76;1.0;7;0.0
82112;1.49;1.57;-0.08;16.0;44;0.0
82115;0.68;1.17;-0.49;2.0;9;0.0
82155;0.46;1.57;-1.11;21.0;16;2.0
83012;-0.25;0.59;-0.84;4.0;13;3.0
83031;0.88;0.89;-0.01;4.0;10;1.0
83071;1.98;2.5;-0.52;2.0;33;3.0
84019;-0.01;-0.23;0.21;18.0;39;1.0
84026;0.55;0.88;-0.34;4.0;9;0.0
84138;-0.26;0.28;-0.54;11.0;29;3.0
85059;0.39;1.95;-1.56;7.0;20;0.0
85215;0.32;0.32;0;3.0;10;0.0
86082;-0.19;0.18;-0.38;9.0;22;2.0
86137;0.01;1.03;-1.02;23.0;25;6.0
87064;0.31;1.67;-1.35;8.0;9;3.0
87161;-1.11;0.12;-1.23;19.0;16;1.0
88029;-1.3;-0.17;-1.12;4.0;8;0.0
88321;-0.09;0.68;-0.77;28.0;26;0.0
88372;-0.95;-0.33;-0.63;9.0;22;1.0
88487;-0.15;0.61;-0.76;5.0;10;0.0
88516;-1.39;-0.54;-0.85;11.0;28;0.0
89344;-1.8;-0.08;-1.72;8.0;10;0.0
91016;0.79;0.21;0.57;2.0;10;0.0
91105;0.7;0.33;0.37;1.0;23;0.0
95250;0.62;-0.32;0.94;4.0;14;0.0
97106;-1.54;-1.25;-0.29;5.0;21;0.0
97202;0.07;0.35;-0.28;3.0;9;0.0
97204;-0.77;-0.61;-0.15;4.0;13;1.0
97225;-0.36;-0.46;0.1;18.0;9;0.0
97403;0.78;0.41;0.37;2.0;25;1.0
97406;1.72;0.75;0.97;2.0;8;0.0
01034;0.33;0.66;-0.32;16.0;23;1.0
01072;0.87;1.03;-0.15;1.0;13;1.0
01074;1.03;1.19;-0.16;4.0;11;0.0
01304;0.02;0.29;-0.27;2.0;15;0.0
01333;1.23;1.25;-0.02;2.0;15;0.0
01457;1.59;1.5;0.09;2.0;13;0.0
02110;-0.09;0.83;-0.92;4.0;10;1.0
02304;-0.02;0.74;-0.77;6.0;25;0.0
02361;-1.35;-0.52;-0.83;9.0;27;1.0
03043;0.08;0.35;-0.26;5.0;7;1.0
03128;-0.52;-0.54;0.02;4.0;6;0.0
04018;1.64;3;-1.36;4.0;9;1.0
04143;0.36;1.19;-0.84;2.0;15;0.0
05017;0.71;0.26;0.45;1.0;13;2.0
07064;-1.17;0.2;-1.38;2.0;21;2.0
07319;0.87;0.78;0.1;5.0;17;0.0
07349;-1.07;-0.41;-0.66;5.0;13;2.0
08081;-0.76;-0.68;-0.08;3.0;23;1.0
08362;-0.74;-0.61;-0.13;6.0;34;1.0
08486;-0.98;-0.75;-0.23;2.0;9;0.0
10323;0.31;0.37;-0.06;5.0;37;0.0
11049;-0.08;0.81;-0.89;5.0;14;1.0
11106;-0.27;-0.06;-0.21;4.0;19;2.0
11116;0.36;0.92;-0.56;2.0;7;0.0
11315;-0.21;0.78;-0.99;4.0;8;0.0
11397;-0.52;-0.31;-0.21;3.0;17;1.0
12094;-1.02;1.91;-2.93;4.0;8;2.0
12096;0.29;1.18;-0.9;13.0;16;1.0
12138;0.35;1.49;-1.14;4.0;6;0.0
12164;-2.15;1.43;-3.58;8.0;5;0.0
12185;-0.16;1.21;-1.37;3.0;9;1.0
12199;0.75;1.26;-0.51;1.0;10;0.0
12298;1.11;1.28;-0.16;3.0;3;0.0
13097;0.07;-0.21;0.28;5.0;31;2.0
14047;-1.11;-0.47;-0.64;35.0;39;2.0
14191;0.08;1.79;-1.72;2.0;15;1.0
14229;0.23;1.39;-1.15;1.0;10;0.0
14478;-1.63;-0.22;-1.41;10.0;11;0.0
14515;-0.39;0.91;-1.3;4.0;10;1.0
14692;1.11;0.33;0.78;5.0;7;0.0
14752;0.13;1.22;-1.09;2.0;16;0.0
15045;-1.47;0.66;-2.13;6.0;8;0.0
15120;-0.7;0.95;-1.65;9.0;21;0.0
15138;-1.41;0.91;-2.32;14.0;9;0.0
15202;-1.83;-1.19;-0.64;5.0;5;0.0
15215;-0.58;-0.74;0.16;4.0;4;0.0
16005;-0.3;1.78;-2.08;1.0;6;0.0
16073;0.08;1.64;-1.56;4.0;10;1.0
16206;0.24;1.6;-1.37;1.0;14;0.0
16223;-0.52;1.13;-1.65;9.0;8;1.0
16230;-0.81;0.47;-1.27;5.0;15;2.0
16292;-0.6;0.73;-1.34;6.0;15;0.0
17397;0.18;1.48;-1.3;6.0;16;0.0
18003;-0.29;0.5;-0.79;2.0;5;2.0
18018;1.34;0.89;0.45;3.0;22;0.0
18023;-1.02;-1.07;0.05;1.0;8;0.0
18108;-0.82;0.15;-0.97;4.0;16;0.0
18242;-0.97;0.17;-1.14;3.0;13;0.0
19121;0.2;1.17;-0.97;3.0;10;0.0
21103;-0.09;-0.01;-0.08;3.0;12;0.0
21154;-0.02;0.83;-0.85;28.0;25;0.0
21425;-1.77;-0.88;-0.89;11.0;25;0.0
21607;-0.66;0.33;-0.99;6.0;19;1.0
22084;0.32;0.26;0.06;5.0;16;0.0
22121;0.9;2.01;-1.11;0.0;11;1.0
22158;0.26;1;-0.75;8.0;20;0.0
22207;0.54;1.77;-1.23;8.0;7;0.0
22262;-0.15;1.48;-1.64;18.0;23;2.0
22321;-1.25;0.12;-1.37;7.0;13;0.0
23001;-0.17;1.03;-1.2;6.0;16;0.0
23013;-1.17;0.75;-1.92;2.0;21;0.0
23076;-1.14;0.62;-1.76;7.0;11;0.0
24164;0.16;2.9;-2.74;5.0;15;2.0
24520;-0.41;0.39;-0.8;78.0;41;4.0
25475;-0.61;1.21;-1.83;2.0;8;1.0
26166;0.34;-0.06;0.4;5.0;11;0.0
27103;1.95;2.36;-0.41;2.0;15;0.0
27105;1.37;0.94;0.43;4.0;13;0.0
27198;0.15;-0.02;0.17;7.0;43;0.0
27213;-0.22;-0.65;0.43;11.0;21;1.0
27275;-0.54;-1.3;0.76;6.0;14;0.0
27507;0.15;0.35;-0.2;2.0;16;0.0
27629;-0.5;-0.49;-0.01;2.0;8;0.0
27679;-1.85;-1.25;-0.6;19.0;44;1.0
28018;-0.45;0.88;-1.34;1.0;8;1.0
28059;-0.38;0.65;-1.03;2.0;8;0.0
28116;-0.02;0.53;-0.55;4.0;15;0.0
28199;-0.37;0.26;-0.63;4.0;9;0.0
28348;0.08;0.38;-0.3;3.0;13;1.0
29003;-0.05;1.62;-1.67;5.0;10;1.0
29046;-0.05;1.21;-1.26;13.0;49;6.0
29135;-0.07;1.14;-1.22;5.0;20;1.0
29163;0.59;0.91;-0.33;3.0;16;0.0
29195;0.49;0.99;-0.5;5.0;16;0.0
2A041;1.21;0.98;0.23;26.0;11;1.0
2A348;1.09;2.04;-0.95;7.0;6;1.0
2B050;1.12;0.56;0.56;7.0;23;5.0
30010;-0.67;0.39;-1.06;5.0;11;1.0
30029;0.37;1.43;-1.06;4.0;11;1.0
30212;-0.47;-0.88;0.41;8.0;7;0.0
30259;1.69;1.83;-0.14;3.0;8;0.0
30350;-0.83;0.52;-1.35;10.0;17;4.0
31028;0.56;0.93;-0.37;7.0;11;0.0
31042;-1.69;-0.12;-1.57;16.0;13;0.0
31107;0.7;1.04;-0.34;4.0;16;0.0
31523;-0.72;0.84;-1.56;2.0;13;0.0
31584;0.83;0.88;-0.06;4.0;25;1.0
32119;0.62;1.59;-0.97;9.0;23;2.0
32160;1.42;1.18;0.23;6.0;29;1.0
32213;0.41;1.23;-0.82;4.0;10;0.0
32462;0.44;1.78;-1.34;4.0;13;3.0
33036;0.23;1.08;-0.85;13.0;25;2.0
33140;1.07;1.1;-0.03;3.0;11;2.0
33240;0.42;0.83;-0.41;3.0;21;0.0
33327;0.61;1.87;-1.26;7.0;14;1.0
34069;0.76;0.7;0.06;5.0;10;0.0
34142;-0.27;0.38;-0.65;22.0;23;1.0
34162;0.69;0.84;-0.15;7.0;12;0.0
35019;0.63;1.38;-0.75;6.0;3;1.0
35072;0.01;-0.23;0.24;2.0;7;1.0
35109;0.61;0.41;0.21;1.0;4;0.0
35124;0;N/A - division par 0;N/A - division par 0;4.0;7;0.0
35167;0.02;0.67;-0.65;1.0;6;0.0
35168;0.1;0.28;-0.17;4.0;10;1.0
35173;2.9;2.32;0.58;1.0;13;2.0
35284;1.35;1.34;0.01;2.0;7;0.0
36141;-0.12;0.35;-0.47;4.0;11;1.0
37020;-0.36;-0.16;-0.2;15.0;5;4.0
37167;1.74;1.44;0.3;3.0;6;0.0
38052;-0.93;-0.03;-0.9;5.0;10;0.0
38130;0.21;0.81;-0.6;15.0;20;1.0
38138;0.88;1.13;-0.25;22.0;18;0.0
38517;0.11;0.29;-0.18;14.0;15;0.0
39368;-0.7;-1.04;0.33;6.0;22;2.0
40110;1.88;4.3;-2.42;3.0;5;1.0
40134;0.72;0.84;-0.12;3.0;13;0.0
40224;0.26;1.05;-0.79;8.0;21;0.0
40245;0.68;1.82;-1.14;5.0;7;0.0
41025;0.47;2.07;-1.6;1.0;8;0.0
41095;-0.91;-0.55;-0.37;5.0;2;0.0
41173;-0.36;-0.22;-0.14;12.0;15;0.0
42156;0.53;1.79;-1.25;1.0;4;1.0
42159;-0.3;1.33;-1.64;3.0;9;0.0
42304;1.03;0.22;0.81;4.0;10;1.0
43051;-0.82;0.2;-1.01;2.0;19;6.0
43077;-0.74;-0.47;-0.27;2.0;5;0.0
43111;-0.47;0.26;-0.73;2.0;7;0.0
43163;0.07;1.03;-0.96;3.0;5;0.0
44067;0.03;0.65;-0.62;4.0;28;0.0
44098;1.03;1.06;-0.03;3.0;13;0.0
44113;0.57;0.92;-0.35;6.0;18;1.0
44158;1.9;1.34;0.56;3.0;14;0.0
44213;0.07;-0.11;0.17;5.0;25;1.0
45030;0.03;1.8;-1.77;3.0;12;0.0
45187;0.49;1.33;-0.84;4.0;13;1.0
45258;-0.05;0.27;-0.33;5.0;13;0.0
46201;0.92;1.74;-0.82;6.0;10;2.0
46225;0.05;1.58;-1.53;5.0;11;1.0
46231;-0.87;1.42;-2.29;6.0;11;1.0
47021;-0.02;0.54;-0.56;5.0;12;0.0
47052;-0.5;0.82;-1.31;7.0;24;0.0
47054;0.66;2.82;-2.15;2.0;9;0.0
47106;-0.58;0.44;-1.02;5.0;28;1.0
48061;0.06;0.33;-0.26;3.0;13;3.0
48092;-0.36;0.51;-0.87;11.0;30;0.0
48094;-0.42;0.32;-0.74;3.0;14;0.0
48099;-0.6;-0.1;-0.49;6.0;16;0.0
49002;-0.58;-0.42;-0.16;2.0;18;0.0
49215;-1.24;-0.84;-0.4;18.0;22;3.0
49261;-0.29;-0.23;-0.06;43.0;54;2.0
49373;-0.29;-0.13;-0.16;8.0;21;0.0
50147;-0.65;0.37;-1.02;24.0;43;4.0
50267;-0.04;0.38;-0.41;2.0;15;2.0
50393;0.03;0.94;-0.91;3.0;7;0.0
53188;-0.13;0.86;-0.99;3.0;13;0.0
54135;-0.17;0.29;-0.46;1.0;9;0.0
54425;-0.13;-0.14;0.01;3.0;7;0.0
54432;-0.84;-0.99;0.15;1.0;7;0.0
55502;-1.74;-0.27;-1.46;8.0;17;0.0
56053;1.99;1.65;0.34;4.0;12;1.0
56073;-0.09;2.74;-2.83;6.0;15;1.0
56075;-0.62;-0.94;0.31;6.0;34;1.0
56101;0.58;0.36;0.22;4.0;15;0.0
56143;0.18;1.04;-0.86;2.0;18;2.0
56166;0.75;0.9;-0.15;3.0;19;0.0
56190;-0.05;0;-0.05;4.0;13;0.0
56198;-0.79;-0.64;-0.15;2.0;18;0.0
56222;0.58;1.26;-0.68;3.0;22;0.0
56244;1.2;1.35;-0.15;4.0;12;0.0
57160;-0.95;-0.6;-0.36;1.0;53;2.0
57240;-0.04;0.08;-0.12;4.0;48;0.0
58134;-1.34;-0.04;-1.3;1.0;18;0.0
58218;-0.34;0.77;-1.12;3.0;7;0.0
59136;-0.25;-0.05;-0.2;9.0;17;1.0
59153;-0.41;-0.47;0.06;15.0;20;1.0
59525;-0.9;-0.78;-0.12;1.0;12;0.0
60471;-1.11;-1.4;0.29;16.0;41;0.0
61063;-0.32;1.08;-1.39;2.0;7;1.0
61168;-1.34;-0.01;-1.33;4.0;19;1.0
61258;-1.76;-1.16;-0.59;2.0;6;0.0
61484;-1.71;-1.82;0.11;11.0;15;0.0
61486;-0.39;0.45;-0.84;9.0;23;0.0
62186;-0.39;-0.52;0.13;7.0;24;1.0
62361;-1.34;-0.31;-1.03;4.0;7;0.0
62447;0.07;1.08;-1.01;12.0;6;1.0
62534;-0.76;-0.85;0.09;2.0;14;0.0
62758;-0.43;-0.41;-0.01;6.0;32;0.0
62907;-0.61;-0.96;0.35;3.0;27;0.0
63010;-1.03;0.11;-1.14;7.0;14;0.0
63047;-0.32;-0.11;-0.21;5.0;11;3.0
63048;-0.21;1.96;-2.17;2.0;5;1.0
63103;0.27;0.52;-0.25;6.0;22;3.0
63116;-0.17;-0.12;-0.05;6.0;7;0.0
63125;-0.73;0.15;-0.88;9.0;23;0.0
63165;-0.74;0.68;-1.41;2.0;9;0.0
63236;-1.18;0.44;-1.62;5.0;24;4.0
63285;-0.16;0.75;-0.91;4.0;7;0.0
63415;1.17;2.44;-1.27;7.0;9;2.0
63457;0.7;0.57;0.13;8.0;22;1.0
64410;-1.84;-1.48;-0.36;2.0;31;3.0
64417;-0.41;0.69;-1.1;4.0;22;1.0
65304;-1.38;0.4;-1.77;5.0;15;1.0
66003;0.34;1.76;-1.42;7.0;17;2.0
66004;0.34;0.84;-0.5;3.0;12;1.0
66024;-0.71;-0.1;-0.61;4.0;13;0.0
67095;-0.34;0.29;-0.63;5.0;8;0.0
67324;0.02;0.54;-0.52;6.0;9;1.0
67434;-0.78;-0.16;-0.63;20.0;16;0.0
67520;0.43;0.67;-0.24;8.0;20;0.0
68287;-1.22;-0.84;-0.37;29.0;14;2.0
69066;-0.88;0;-0.88;2.0;15;0.0
69176;0.79;-0.02;0.81;2.0;11;0.0
69238;0.39;1.06;-0.67;4.0;10;1.0
69287;0.17;0.39;-0.22;0.0;7;0.0
70026;-0.53;-0.07;-0.46;2.0;4;2.0
70228;0.64;0.52;0.12;9.0;7;0.0
70285;-0.26;-0.25;0;6.0;41;0.0
70421;-0.27;-0.48;0.21;4.0;15;2.0
70451;-0.37;0.04;-0.41;7.0;15;1.0
70467;-1.66;-0.75;-0.92;2.0;18;0.0
71047;-1.33;0.24;-1.58;9.0;25;1.0
71157;-0.3;1.59;-1.89;5.0;6;2.0
71190;-0.64;0.41;-1.05;3.0;12;0.0
71342;0.07;1.2;-1.13;12.0;42;0.0
71543;-0.11;0.84;-0.95;27.0;25;5.0
71566;-2.92;-1.25;-1.67;2.0;8;0.0
72132;-0.14;0.6;-0.74;13.0;40;3.0
72143;0.13;2.29;-2.16;3.0;15;0.0
72179;-0.26;-0.23;-0.04;3.0;9;1.0
72180;-0.64;0.08;-0.72;6.0;31;4.0
72205;0.03;-0.39;0.42;0.0;5;0.0
72289;-0.73;-0.38;-0.35;1.0;9;0.0
73105;0.65;0.22;0.44;3.0;3;3.0
73117;0.83;1.64;-0.81;4.0;3;0.0
73171;-0.22;0.21;-0.43;4.0;19;0.0
74002;0.88;-0.08;0.96;1.0;11;0.0
74137;2.22;1.34;0.87;1.0;12;0.0
74224;-0.57;-1.13;0.55;8.0;20;1.0
74276;0.27;0.46;-0.19;6.0;10;1.0
76219;-0.38;-0.41;0.03;3.0;11;0.0
76254;-1.95;0.21;-2.17;8.0;9;1.0
76255;-1.25;-0.37;-0.88;13.0;15;1.0
76258;0.56;0.91;-0.35;3.0;15;0.0
76276;-0.67;1.13;-1.8;3.0;20;0.0
76462;-0.17;1.12;-1.29;5.0;17;0.0
76711;-1.81;-0.97;-0.84;6.0;16;2.0
77159;-1;-0.62;-0.38;4.0;9;0.0
77316;0.21;0.35;-0.15;25.0;34;4.0
77379;0.39;0.37;0.01;64.0;25;2.0
78062;0.14;-0.32;0.46;6.0;9;0.0
78531;1.91;0.95;0.96;3.0;13;0.0
79195;-0.14;-0.05;-0.09;6.0;18;0.0
79299;-0.4;0.62;-1.02;4.0;8;1.0
80182;-1.03;0.41;-1.45;2.0;13;0.0
81105;0.92;1.11;-0.19;6.0;33;2.0
81219;-0.33;0.06;-0.39;5.0;17;0.0
81271;1.46;1.17;0.29;3.0;20;1.0
82013;0.11;1.42;-1.31;8.0;24;1.0
82151;-0.73;-0.53;-0.2;4.0;2;0.0
83072;0.9;1.45;-0.54;9.0;21;0.0
83107;1.52;1.68;-0.16;9.0;43;1.0
83116;1.59;1.49;0.1;10.0;39;3.0
84003;-1.93;-1.64;-0.29;23.0;45;6.0
84069;-0.55;0.43;-0.98;3.0;8;0.0
84076;2.58;1.98;0.6;3.0;4;0.0
84088;1.8;1.81;-0.01;27.0;28;5.0
84129;0.81;0.36;0.45;12.0;35;4.0
85128;0.16;1.16;-1;11.0;38;0.0
85151;0.28;0.44;-0.17;3.0;19;0.0
85154;-0.6;-0.06;-0.54;7.0;6;0.0
86112;0.16;3.25;-3.09;2.0;10;0.0
86165;-0.49;0.78;-1.27;15.0;37;4.0
86207;0.2;0.69;-0.49;5.0;12;3.0
87059;-1.82;0.58;-2.41;7.0;8;1.0
87106;-0.37;0.39;-0.76;3.0;7;2.0
88078;-0.73;1.23;-1.96;3.0;11;1.0
88310;0.21;1.56;-1.35;0.0;6;0.0
88351;-1.3;0.02;-1.32;18.0;13;1.0
89073;-2.43;-1.17;-1.26;3.0;5;1.0
90053;0.02;0.01;0.01;1.0;9;0.0
91200;0.92;0.88;0.05;14.0;31;0.0
91232;-1.14;-1.22;0.08;3.0;14;0.0
97116;-1.5;-1.63;0.13;2.0;27;0.0
97130;-2.39;-0.97;-1.42;2.0;8;0.0
97232;-1.29;-1.27;-0.02;3.0;12;1.0
97405;0.64;0.06;0.58;11.0;27;0.0
97424;0.12;-0.5;0.63;5.0;22;0.0
97614;N/A - résultat non disponible;N/A - résultat non disponible;N/A - résultat non disponible;0.0;22;0.0
01303;0.4;0.15;0.25;2.0;14;0.0
02360;0.88;0.67;0.21;1.0;16;0.0
02543;-0.9;-0.84;-0.06;2.0;10;0.0
02720;-0.26;-0.55;0.29;1.0;18;0.0
02789;0.64;0.87;-0.23;7.0;13;1.0
04019;-0.53;0.34;-0.88;9.0;23;2.0
04166;-1.76;-0.61;-1.15;15.0;13;1.0
05046;0.6;1.41;-0.81;16.0;36;7.0
06136;0.09;1.7;-1.6;19.0;17;1.0
07042;0.35;0.79;-0.45;27.0;20;2.0
07181;0.31;0.52;-0.21;4.0;7;0.0
07341;0.35;1.81;-1.46;8.0;4;1.0
08185;-1.57;-0.7;-0.87;1.0;13;0.0
08311;-0.88;-0.12;-0.76;10.0;9;0.0
08328;-1.16;-0.8;-0.36;1.0;16;0.0
09185;0.18;0.95;-0.76;5.0;17;1.0
10401;-0.47;0.57;-1.03;4.0;10;0.0
11170;0.33;1.26;-0.93;4.0;18;1.0
11203;-0.5;-0.06;-0.43;4.0;39;1.0
11206;0.14;1.03;-0.89;15.0;47;7.0
12224;-0.06;1.83;-1.89;9.0;11;1.0
13014;0.53;0.24;0.29;6.0;28;1.0
13050;0.7;0.75;-0.06;17.0;24;3.0
13084;-0.28;-0.36;0.08;4.0;22;9.0
13110;-0.44;-0.73;0.29;5.0;24;0.0
14371;-0.83;-0.47;-0.36;31.0;14;0.0
14689;-0.4;-0.22;-0.18;3.0;22;0.0
14726;-0.98;-1.01;0.03;6.0;17;1.0
14754;-1.59;-0.6;-1;6.0;16;2.0
15001;0.75;2.89;-2.13;5.0;8;0.0
15083;0.09;0.18;-0.09;1.0;7;0.0
15134;-0.75;2.17;-2.92;3.0;10;0.0
15140;1.38;1.17;0.21;1.0;6;0.0
15141;-2.04;-0.62;-1.42;10.0;8;0.0
15153;-0.65;0.87;-1.52;4.0;12;0.0
15204;-0.07;-0.26;0.2;2.0;0;0.0
15258;0.1;1.7;-1.61;11.0;18;0.0
16028;0.16;1.33;-1.17;6.0;23;0.0
16408;-0.95;1.7;-2.64;5.0;5;0.0
17024;-1.34;0.07;-1.41;6.0;12;0.0
17127;2.1;1.67;0.43;2.0;8;0.0
17219;-0.31;0.75;-1.06;12.0;17;1.0
17236;0.44;1.62;-1.18;2.0;13;0.0
17283;0.61;1.45;-0.85;14.0;20;2.0
17284;-0.13;0.19;-0.31;4.0;11;0.0
18127;-0.45;1.39;-1.85;4.0;9;1.0
18141;-0.5;0.19;-0.68;7.0;20;0.0
18197;-0.79;0.52;-1.3;12.0;45;1.0
18207;-0.64;0.11;-0.75;4.0;15;1.0
18223;1.14;0.78;0.37;2.0;8;0.0
19028;-1.28;0.36;-1.64;3.0;16;0.0
19148;-0.62;1.5;-2.12;7.0;14;1.0
19276;-0.53;0.62;-1.15;13.0;16;4.0
21663;-0.68;-0.54;-0.14;2.0;17;0.0
21710;-0.27;3.13;-3.4;10.0;7;1.0
22020;0.14;1.9;-1.76;1.0;15;0.0
22032;0.24;0.86;-0.62;3.0;5;0.0
22172;0.12;0.85;-0.73;3.0;9;0.0
23030;-1.8;-0.3;-1.5;6.0;16;1.0
23061;-0.46;-0.13;-0.33;3.0;11;0.0
23075;-0.54;2.52;-3.06;3.0;15;0.0
24068;-0.46;1.37;-1.83;12.0;7;0.0
24167;-0.81;0.51;-1.32;6.0;8;0.0
24212;-0.31;2.08;-2.39;6.0;5;0.0
24223;0.19;1.71;-1.52;9.0;24;2.0
24227;-1.13;1.03;-2.16;1.0;5;0.0
24311;-0.43;0.81;-1.24;5.0;14;1.0
24354;0.27;1.37;-1.1;3.0;14;1.0
25156;-1.29;-1.31;0.01;2.0;9;0.0
25578;0.75;0.08;0.67;2.0;19;0.0
26074;1.48;1.92;-0.45;4.0;15;0.0
26113;0.81;1.78;-0.97;15.0;18;0.0
26333;0.48;1.55;-1.07;7.0;19;0.0
27016;-0.42;-0.07;-0.35;10.0;26;0.0
27022;-1.05;-1.35;0.31;5.0;16;0.0
27112;-1.08;0.1;-1.19;4.0;16;1.0
27226;-0.81;-0.71;-0.1;2.0;14;0.0
27284;0.07;0.31;-0.24;10.0;27;3.0
27413;0.81;0.89;-0.09;1.0;6;0.0
27438;0.03;-0.32;0.35;4.0;10;0.0
27469;-0.12;-0.08;-0.04;6.0;15;1.0
27502;-0.84;0.68;-1.52;3.0;7;1.0
28089;-0.28;0.31;-0.59;1.0;12;0.0
29117;0.7;0.92;-0.22;4.0;18;0.0
29124;0.2;0.75;-0.56;4.0;35;2.0
29160;0.52;0.38;0.14;2.0;21;0.0
29178;0.14;0.66;-0.52;4.0;20;1.0
29220;0.38;1.41;-1.03;8.0;28;3.0
29259;0.39;1.51;-1.12;21.0;20;1.0
29274;-0.56;0.32;-0.88;2.0;17;0.0
29277;0.43;0.88;-0.45;4.0;8;0.0
29293;0.02;0.52;-0.5;10.0;19;1.0
2A228;3.63;3.66;-0.03;2.0;2;0.0
2A272;1.28;1.62;-0.35;22.0;9;1.0
2B123;0.48;0.39;0.09;2.0;10;0.0
2B134;0.32;0.68;-0.36;2.0;11;2.0
30003;0.59;0.64;-0.06;11.0;19;3.0
30012;-0.1;-0.04;-0.06;9.0;18;0.0
30227;0.84;2.2;-1.36;2.0;16;2.0
30341;0.37;0.27;0.1;6.0;27;1.0
31020;-0.22;0.31;-0.53;2.0;10;1.0
31106;0.43;0.38;0.04;4.0;8;0.0
31232;0.52;0.55;-0.03;6.0;19;0.0
31324;0.49;0.86;-0.37;6.0;11;1.0
31396;1.6;1.7;-0.1;4.0;13;0.0
31503;1.82;3.61;-1.79;8.0;4;0.0
32106;-0.02;2.05;-2.06;3.0;7;0.0
32107;-0.58;0.32;-0.9;25.0;32;6.0
32208;-0.09;1.45;-1.54;21.0;19;5.0
32249;0.69;2.27;-1.59;4.0;16;0.0
32252;-0.69;0.4;-1.1;0.0;11;1.0
32256;-0.14;0.99;-1.13;5.0;22;3.0
32285;-0.32;0.26;-0.58;3.0;6;1.0
32426;-0.02;0.17;-0.18;4.0;7;0.0
32459;-0.06;0.43;-0.49;2.0;6;1.0
33067;0.5;0.82;-0.32;8.0;10;1.0
33081;0.14;0.73;-0.59;9.0;13;1.0
33352;0.87;1.37;-0.5;15.0;23;3.0
33366;2.96;2.72;0.24;4.0;25;0.0
34245;-0.2;1.11;-1.31;2.0;8;1.0
34293;0;N/A - division par 0;N/A - division par 0;3.0;12;1.0
35037;1.79;0.89;0.9;7.0;8;1.0
35049;0.85;1.81;-0.96;5.0;11;2.0
35085;0.95;1.28;-0.34;7.0;17;1.0
35093;0.47;1.68;-1.21;12.0;23;6.0
35095;0.35;1.08;-0.72;11.0;12;1.0
35125;0.26;1.16;-0.91;13.0;13;0.0
35136;0.6;0.62;-0.02;5.0;13;1.0
35207;0.83;0.43;0.4;4.0;17;0.0
35219;0.76;0.88;-0.13;1.0;2;0.0
35222;0.04;0.91;-0.87;1.0;6;0.0
35227;1.46;0.3;1.16;1.0;6;0.0
35228;0.8;0.99;-0.19;4.0;11;0.0
35253;1.57;1.47;0.1;6.0;14;0.0
35308;0.7;0.39;0.31;4.0;10;1.0
35337;1.75;1.69;0.06;2.0;21;1.0
36208;-0.42;3.14;-3.56;5.0;8;2.0
36241;-0.6;-0.46;-0.14;2.0;7;2.0
37115;-1.47;-0.86;-0.61;9.0;20;0.0
37119;-0.39;1.45;-1.84;6.0;8;0.0
37132;-0.32;0.77;-1.08;32.0;19;1.0
37189;0.02;2.96;-2.94;10.0;10;0.0
37196;-1.47;0.07;-1.54;97.0;12;2.0
38314;0.24;-0.32;0.55;4.0;14;0.0
38416;-0.89;-0.66;-0.23;6.0;16;1.0
38509;0.35;0.16;0.19;7.0;29;0.0
38548;0.58;0.73;-0.15;3.0;15;2.0
39013;-1.08;-0.05;-1.03;15.0;11;4.0
39016;-0.48;1.49;-1.97;5.0;10;0.0
40001;0.33;1.02;-0.69;10.0;25;0.0
40282;0.34;0.96;-0.62;13.0;15;0.0
41106;-0.66;-0.11;-0.55;2.0;14;2.0
41198;-0.36;1.63;-1.99;16.0;16;0.0
41232;-1.48;-0.52;-0.96;3.0;26;0.0
43012;0.19;0.26;-0.07;5.0;22;0.0
43040;-0.56;0.36;-0.93;13.0;27;2.0
43080;-0.65;1.62;-2.26;8.0;10;2.0
43137;0.25;0.14;0.11;5.0;26;0.0
43177;0.17;0.65;-0.48;2.0;12;0.0
43205;0.28;0.19;0.09;2.0;8;0.0
43224;0.18;0.08;0.09;2.0;12;1.0
43244;0.09;0.86;-0.77;7.0;18;1.0
44043;1.36;1.31;0.05;14.0;30;2.0
44071;0.94;0.92;0.02;3.0;13;0.0
44129;0.73;0.55;0.18;3.0;37;1.0
44186;1.64;1.16;0.48;3.0;17;0.0
45146;-0.11;0;-0.11;6.0;18;2.0
45224;1.82;1.91;-0.08;2.0;19;0.0
46029;-0.89;-0.74;-0.15;2.0;8;0.0
46066;0.45;2.87;-2.42;2.0;6;0.0
46128;-0.78;1.22;-2;6.0;15;0.0
46148;1.77;1.54;0.23;2.0;10;0.0
46182;-0.11;1.23;-1.34;11.0;14;0.0
47015;-0.26;0.41;-0.67;1.0;9;0.0
47175;0.25;1.57;-1.32;8.0;16;0.0
47195;-0.21;0.55;-0.76;21.0;23;3.0
47210;-0.85;-0.43;-0.42;3.0;6;1.0
48075;0.17;1.31;-1.14;4.0;6;0.0
48156;-0.1;0.72;-0.81;1.0;3;0.0
49018;-0.15;0.29;-0.44;37.0;67;1.0
49125;0.36;0.63;-0.26;15.0;37;0.0
50003;0.85;2.45;-1.6;4.0;19;0.0
50074;0.6;1.76;-1.16;2.0;18;0.0
50237;-1.24;0.3;-1.54;1.0;8;0.0
50412;-0.98;-0.28;-0.71;6.0;9;0.0
50487;-0.57;0.37;-0.94;6.0;24;0.0
50539;0.25;1.19;-0.94;2.0;14;0.0
50562;-1.36;0.41;-1.76;6.0;13;1.0
51250;1.1;1.72;-0.62;2.0;18;0.0
51388;-0.66;-1.33;0.66;1.0;33;0.0
51423;-1.81;-1.51;-0.29;2.0;13;0.0
51531;-1.84;-1.03;-0.81;3.0;15;0.0
52064;-1.4;0.33;-1.73;7.0;9;0.0
52114;-0.68;0.82;-1.5;8.0;6;0.0
52177;-1.74;1.03;-2.77;4.0;10;0.0
52353;-1.42;0.04;-1.46;4.0;13;1.0
52444;-2.34;-1.85;-0.5;2.0;5;0.0
53077;1;1.47;-0.47;4.0;16;1.0
53127;-0.68;1.4;-2.08;5.0;9;1.0
53147;-0.15;0.1;-0.24;11.0;56;4.0
53185;-0.33;0.29;-0.62;1.0;12;0.0
53271;-1.24;0.14;-1.38;2.0;16;0.0
54039;-1.57;-0.65;-0.92;4.0;12;0.0
54129;-0.93;-0.11;-0.82;2.0;14;0.0
54397;-0.72;-0.75;0.03;1.0;14;1.0
54400;-1.06;-1.29;0.23;3.0;8;0.0
54563;-0.82;-0.01;-0.81;4.0;5;1.0
55063;-1.19;-0.64;-0.54;1.0;11;0.0
56010;-0.01;0.32;-0.33;10.0;20;0.0
56067;1.48;1.54;-0.06;10.0;26;0.0
56117;1.79;1.51;0.28;5.0;28;0.0
56123;0.58;0.77;-0.19;6.0;11;0.0
56152;-0.18;0.95;-1.13;12.0;12;4.0
57132;-1.02;0.14;-1.16;2.0;15;0.0
57177;-1.68;-0.74;-0.94;3.0;25;0.0
58059;-1.01;0.47;-1.48;26.0;21;4.0
58149;0.06;1.92;-1.86;2.0;11;3.0
59036;-2.05;-1.56;-0.49;10.0;24;0.0
60103;-0.7;-0.63;-0.07;3.0;12;0.0
60178;-0.37;-0.22;-0.14;3.0;15;0.0
60245;-0.44;-0.15;-0.3;1.0;11;0.0
60286;-1.19;0.13;-1.32;2.0;16;1.0
60333;-0.3;-0.38;0.07;1.0;4;0.0
60509;-0.41;-0.95;0.54;7.0;27;0.0
61145;-0.63;0.39;-1.02;12.0;11;1.0
61153;0.05;0.81;-0.76;6.0;8;0.0
61293;-0.49;1.35;-1.84;22.0;10;1.0
61345;-0.7;-0.35;-0.35;15.0;14;0.0
62048;-0.82;-0.83;0.01;8.0;36;0.0
62194;-0.05;0.1;-0.14;1.0;17;0.0
62894;-0.98;-0.95;-0.03;8.0;9;0.0
63003;-0.32;0.5;-0.81;11.0;20;3.0
63004;1.11;1.64;-0.53;4.0;6;0.0
63009;2.69;5.68;-2.99;3.0;9;0.0
63038;-0.46;0.59;-1.06;13.0;25;2.0
63245;-0.06;0.06;-0.12;7.0;9;0.0
63283;-0.58;2.21;-2.79;2.0;10;1.0
63295;0.5;1.72;-1.21;4.0;7;0.0
63305;-0.88;0.27;-1.14;1.0;5;0.0
63338;-1.09;-0.35;-0.74;1.0;27;0.0
63352;0.63;1.23;-0.6;1.0;8;2.0
64260;1.45;1.67;-0.22;10.0;45;6.0
64513;-0.56;1.35;-1.92;7.0;11;0.0
65129;-0.04;3.01;-3.05;2.0;7;0.0
65388;-0.29;-0.12;-0.18;2.0;11;0.0
66025;-0.14;0.43;-0.56;3.0;11;1.0
66088;0.22;1.16;-0.94;14.0;14;3.0
66167;1.06;1.36;-0.29;1.0;7;0.0
66187;-0.51;1.05;-1.57;4.0;12;0.0
67066;-0.68;-0.3;-0.38;4.0;7;0.0
67222;-0.39;0.27;-0.66;3.0;7;0.0
67300;0.12;0.09;0.03;19.0;37;0.0
67388;0.06;0.22;-0.16;6.0;9;0.0
67544;-0.32;0.12;-0.44;35.0;29;2.0
68004;-0.39;-0.19;-0.2;17.0;21;2.0
69006;-0.78;-0.23;-0.55;3.0;27;0.0
69201;0.03;0.22;-0.19;1.0;9;1.0
70279;0.2;1.76;-1.56;27.0;47;3.0
70311;-0.4;0.24;-0.64;25.0;25;4.0
70482;-0.22;0.97;-1.19;9.0;12;2.0
71176;-0.88;-0.08;-0.8;3.0;28;3.0
71230;-1.36;-0.5;-0.86;6.0;29;0.0
71263;0.26;1.35;-1.09;10.0;29;3.0
72050;-0.72;-0.23;-0.49;1.0;19;0.0
72168;-1.4;-0.77;-0.63;2.0;16;1.0
72176;-1.48;-0.5;-0.98;8.0;35;0.0
72269;-1.19;0.79;-1.98;6.0;26;1.0
72276;-0.93;-0.86;-0.07;2.0;10;0.0
72329;0.15;-0.01;0.16;1.0;14;0.0
72373;-0.69;0.31;-1;1.0;21;0.0
73054;-0.09;-0.07;-0.03;10.0;32;3.0
73157;-1.28;-0.78;-0.5;7.0;20;0.0
73181;-0.62;-0.1;-0.52;8.0;4;3.0
73204;0.13;0.71;-0.59;4.0;2;0.0
73215;0.4;0.79;-0.39;1.0;14;0.0
73248;-0.59;-0.11;-0.49;10.0;18;1.0
74043;1.33;0.8;0.53;1.0;6;0.0
74096;1.47;1.07;0.41;5.0;10;0.0
74123;-0.02;-0.02;0;7.0;20;0.0
74280;0.13;-0.13;0.26;5.0;21;3.0
74282;0.8;0.1;0.7;8.0;24;1.0
76222;-0.78;-0.24;-0.54;3.0;17;0.0
76495;-0.6;-0.76;0.16;2.0;23;0.0
76709;-1.14;-1.07;-0.07;4.0;12;0.0
77142;1.86;1.74;0.12;6.0;14;1.0
77182;0.06;0.42;-0.36;2.0;16;0.0
77183;-0.03;-0.34;0.31;1.0;26;2.0
77385;0.21;0.8;-0.59;1.0;6;0.0
78003;1.36;0.81;0.55;3.0;10;0.0
78255;-0.61;-1.17;0.56;1.0;7;0.0
79057;-0.85;0.83;-1.69;1.0;13;1.0
79101;-0.13;0.98;-1.11;5.0;11;0.0
79170;0.74;1.24;-0.49;1.0;15;1.0
79270;1.79;2.24;-0.45;6.0;38;1.0
80013;-0.64;-0.04;-0.6;4.0;8;0.0
80186;-0.17;-0.39;0.23;5.0;13;2.0
80211;0.49;1.84;-1.35;5.0;12;0.0
80253;-1.32;-0.79;-0.54;13.0;30;0.0
80585;-0.48;0.7;-1.19;1.0;11;0.0
81192;1.03;2.14;-1.11;1.0;3;0.0
82037;-0.09;0.32;-0.41;10.0;38;1.0
82038;0.23;1.82;-1.59;10.0;4;0.0
82042;0.26;0.8;-0.54;2.0;6;0.0
83007;1.38;2.53;-1.15;6.0;10;0.0
83016;0.89;1.02;-0.13;2.0;16;0.0
83086;0.5;0.48;0.02;3.0;23;0.0
84123;-0.11;0.71;-0.82;4.0;10;1.0
85020;0.22;0.8;-0.59;3.0;14;0.0
85051;0.34;0.29;0.04;6.0;29;0.0
85070;1.28;1.78;-0.5;1.0;9;0.0
85222;0.94;2.2;-1.26;5.0;28;2.0
86140;-0.38;0.51;-0.89;7.0;8;0.0
86160;-0.41;0.87;-1.28;9.0;10;1.0
87032;0.59;2.71;-2.11;6.0;7;0.0
87041;-0.09;1.13;-1.22;8.0;6;0.0
87154;0.34;0.95;-0.61;10.0;33;6.0
88090;-0.5;-0.14;-0.36;3.0;17;1.0
88349;-1.21;-0.68;-0.52;1.0;4;0.0
88367;-1.13;-0.73;-0.41;11.0;17;0.0
88530;-0.33;0.25;-0.58;1.0;23;1.0
89025;-1.06;-0.4;-0.65;18.0;29;1.0
89368;0.11;2.36;-2.25;5.0;9;3.0
89419;-1.02;0.29;-1.31;4.0;17;0.0
90052;-1.22;0.21;-1.43;3.0;16;1.0
91111;-1.31;-1.77;0.46;3.0;12;0.0
97117;0.23;0.04;0.19;8.0;39;4.0
97227;-1.02;-1.28;0.26;3.0;20;0.0
97228;-2.12;-1.93;-0.19;3.0;34;0.0
97353;-4.18;-5.87;1.69;3.0;7;0.0
97362;-4.23;-5.18;0.95;1.0;2;1.0
97404;-0.58;-1.34;0.76;2.0;46;0.0
97419;-0.71;-1.44;0.73;4.0;23;0.0
97423;-0.54;-1.41;0.87;1.0;28;1.0
97603;N/A - résultat non disponible;N/A - résultat non disponible;N/A - résultat non disponible;1.0;17;1.0
01143;1.47;1.04;0.43;3.0;30;1.0
01173;1.89;0.86;1.03;4.0;18;2.0
01388;0.33;2.28;-1.94;6.0;8;0.0
02018;0.11;0.06;0.05;1.0;18;0.0
02095;0.15;0.61;-0.46;4.0;19;0.0
02334;-0.12;-0.14;0.02;2.0;12;0.0
02558;-1.05;-0.17;-0.88;1.0;16;0.0
02666;-1;0.1;-1.1;2.0;6;0.0
03084;-0.25;1.33;-1.58;1.0;13;2.0
03102;-0.44;0.5;-0.95;4.0;15;2.0
03186;0.1;1.6;-1.5;1.0;9;1.0
03236;-0.46;-0.18;-0.28;2.0;15;1.0
03254;-0.31;0.73;-1.04;6.0;16;0.0
03292;-0.44;0.17;-0.61;2.0;4;2.0
04008;-0.52;-0.19;-0.32;4.0;9;0.0
04173;0.67;2.1;-1.43;1.0;19;0.0
04205;0.07;1.47;-1.39;4.0;13;1.0
05040;1.46;1.38;0.08;3.0;33;1.0
05170;1.21;1.25;-0.04;4.0;19;0.0
06099;-0.76;0.11;-0.87;2.0;10;2.0
07346;-0.24;0.63;-0.88;16.0;7;0.0
08025;-0.62;-0.4;-0.22;3.0;3;0.0
08090;-0.7;0.36;-1.06;4.0;13;1.0
08190;-0.9;-0.47;-0.43;10.0;31;0.0
08302;-1.27;-0.59;-0.68;3.0;13;0.0
08367;-0.83;-0.19;-0.64;3.0;9;0.0
09032;0.69;1.8;-1.1;4.0;17;2.0
09160;-0.46;0.3;-0.76;4.0;23;0.0
09194;-0.22;0.8;-1.02;61.0;12;2.0
09261;-0.2;0.63;-0.83;6.0;24;4.0
09282;0.28;0.52;-0.24;3.0;13;1.0
10420;-0.55;0.19;-0.74;4.0;8;0.0
12056;0.12;-0.29;0.41;2.0;17;1.0
12119;-0.18;1.11;-1.29;6.0;9;0.0
12169;0.27;1.42;-1.15;2.0;16;0.0
13027;1.08;0.7;0.38;5.0;32;1.0
13078;-0.28;-0.33;0.05;6.0;24;0.0
14100;0.89;0.94;-0.04;5.0;12;0.0
14257;0.11;0.67;-0.57;2.0;7;0.0
14258;-0.96;-0.29;-0.67;28.0;34;2.0
14370;0.03;0.59;-0.56;4.0;7;0.0
14384;0.5;1.68;-1.17;3.0;14;1.0
14488;0.28;1.13;-0.86;6.0;32;1.0
14516;0.15;0.81;-0.65;2.0;8;0.0
14658;-0.68;-0.17;-0.51;7.0;17;0.0
15054;-0.82;1.15;-1.97;2.0;7;0.0
15094;-1.75;1.81;-3.55;6.0;2;1.0
15122;-0.47;1.38;-1.85;2.0;11;0.0
15152;0.07;1.78;-1.7;2.0;10;0.0
15162;-1.08;0.46;-1.54;5.0;11;0.0
15221;0.18;-0.31;0.49;2.0;4;0.0
15255;1.65;1.26;0.38;2.0;5;0.0
16090;0.21;1.03;-0.82;4.0;12;0.0
16167;0.17;1.38;-1.2;9.0;14;1.0
17218;-0.19;0.77;-0.96;5.0;21;0.0
17241;-0.27;0.66;-0.94;5.0;7;0.0
17309;-0.06;0.56;-0.63;1.0;11;0.0
17385;-0.31;0.77;-1.07;11.0;18;2.0
17434;0.18;0.72;-0.53;8.0;18;4.0
18015;-0.19;0.72;-0.91;16.0;20;1.0
18109;-0.84;0.43;-1.27;3.0;11;0.0
19010;-1.2;0.35;-1.54;7.0;16;0.0
19019;-0.53;2.57;-3.1;20.0;7;0.0
19023;-0.49;0.8;-1.29;2.0;13;0.0
19073;0.07;0.57;-0.5;10.0;32;0.0
19269;-1.07;1.65;-2.72;11.0;10;1.0
19275;-1.09;-0.82;-0.28;12.0;36;1.0
21023;-1.3;1.02;-2.32;9.0;8;0.0
21038;-0.31;0.05;-0.36;13.0;30;0.0
21317;-0.34;-0.13;-0.21;3.0;22;0.0
21584;-1.03;0.19;-1.22;11.0;13;1.0
22203;0.23;0.47;-0.24;4.0;21;2.0
22206;0.63;0.77;-0.14;5.0;10;1.0
22266;0.56;2.06;-1.5;6.0;21;4.0
23021;-1.15;2.35;-3.5;4.0;6;0.0
23067;1.3;2.55;-1.25;2.0;12;0.0
23093;-0.24;1.1;-1.35;4.0;7;0.0
23247;-0.44;0.47;-0.91;2.0;21;0.0
24035;-1.57;0.26;-1.84;11.0;8;1.0
24064;-0.25;0.65;-0.9;27.0;11;0.0
24299;0.28;1.52;-1.24;4.0;10;0.0
24352;-0.45;1.06;-1.5;6.0;24;2.0
24376;-0.4;1.01;-1.41;3.0;11;0.0
24547;0.24;0.92;-0.68;13.0;33;1.0
24550;0.03;0.8;-0.77;1.0;9;0.0
25259;-0.2;-0.32;0.12;1.0;11;0.0
25463;-0.75;-0.1;-0.65;2.0;21;0.0
26108;0.96;1.39;-0.43;11.0;21;1.0
26220;0.2;1.85;-1.65;5.0;16;3.0
26301;0.96;1.13;-0.17;5.0;15;1.0
27049;-0.83;-0.67;-0.16;11.0;20;0.0
27065;0.51;0.82;-0.3;1.0;14;0.0
27165;-0.5;0.09;-0.59;6.0;16;1.0
27170;0.16;0.42;-0.26;0.0;10;1.0
27230;0.28;0.21;0.07;2.0;10;0.0
27428;0.68;1.6;-0.93;6.0;21;0.0
27467;-1.33;-0.43;-0.9;15.0;38;2.0
28140;0.03;-0.82;0.85;8.0;14;0.0
28373;-0.59;0.96;-1.54;6.0;10;0.0
28393;-0.58;-1.45;0.87;2.0;11;0.0
29026;-0.27;0.41;-0.67;4.0;39;0.0
29027;-0.19;0.75;-0.94;2.0;15;1.0
29042;-0.62;0.31;-0.93;9.0;34;3.0
29055;0.56;0.51;0.05;4.0;6;0.0
29081;-1.49;1.38;-2.87;8.0;9;0.0
29103;0.48;0.76;-0.28;19.0;41;3.0
29210;0.32;0.43;-0.1;4.0;12;0.0
29241;0;0.53;-0.53;4.0;22;1.0
2B298;0.86;1.33;-0.47;6.0;9;1.0
30062;1.89;1.71;0.18;5.0;11;0.0
30202;0.51;0.71;-0.2;22.0;20;5.0
30221;0.19;0.17;0.02;6.0;15;1.0
30258;0.95;0.53;0.42;21.0;25;1.0
30269;-0.85;0.2;-1.04;7.0;18;0.0
31080;0.65;2.42;-1.77;5.0;10;0.0
31098;0.5;1.55;-1.05;2.0;14;0.0
31135;-0.29;0.1;-0.39;4.0;17;1.0
31202;1.68;1.57;0.11;3.0;25;1.0
32096;0.01;1.25;-1.24;4.0;19;0.0
32242;0.07;1.96;-1.9;3.0;21;0.0
32370;0.87;2.25;-1.38;2.0;10;0.0
33058;0.49;1.22;-0.73;7.0;17;2.0
33138;0.24;0.56;-0.32;3.0;14;0.0
33314;0.8;1.04;-0.24;4.0;23;2.0
34028;-0.53;0.3;-0.84;7.0;25;1.0
34143;0.26;0.04;0.22;8.0;11;0.0
35162;-0.42;0.56;-0.98;2.0;9;1.0
35177;0.94;-0.02;0.96;3.0;5;1.0
35251;2.51;1.86;0.65;1.0;13;1.0
36018;-0.96;0.05;-1.01;12.0;49;2.0
36192;-0.95;1.36;-2.3;2.0;14;0.0
37027;-0.1;0.7;-0.8;5.0;22;0.0
37062;-0.47;1.13;-1.59;2.0;11;1.0
38315;-0.06;0.15;-0.21;2.0;20;0.0
38412;-0.2;0.19;-0.39;5.0;12;1.0
39434;-0.38;0.42;-0.8;21.0;17;1.0
40117;-0.79;-0.35;-0.45;3.0;14;0.0
40201;-1.65;0.41;-2.05;2.0;10;1.0
41149;-0.69;1.01;-1.7;10.0;16;2.0
41154;-0.03;1.71;-1.75;2.0;8;0.0
42019;-1.46;-0.02;-1.44;3.0;16;1.0
42023;0.27;1.13;-0.86;4.0;10;0.0
42059;0.79;0.97;-0.18;4.0;17;0.0
42094;0.58;1.01;-0.43;11.0;24;1.0
42168;-0.34;0.04;-0.37;4.0;17;1.0
42230;-0.45;0.73;-1.18;8.0;7;0.0
42249;-0.06;1.06;-1.12;1.0;6;0.0
43016;0.17;0.6;-0.43;6.0;4;0.0
43042;-0.75;0.37;-1.12;8.0;6;0.0
43087;-1.36;-1.11;-0.25;5.0;9;0.0
43148;-0.53;0.86;-1.39;2.0;6;0.0
43154;-0.55;2.36;-2.91;13.0;6;0.0
43162;0.44;1.13;-0.68;7.0;13;1.0
44003;1.09;1.07;0.02;8.0;62;4.0
44069;-0.15;0.02;-0.17;19.0;43;2.0
44110;1.48;1.22;0.26;2.0;26;3.0
44131;3.11;3.85;-0.74;8.0;45;2.0
44154;1.1;1.91;-0.81;13.0;43;1.0
44188;1.15;0.62;0.53;4.0;27;0.0
45085;-0.43;1.15;-1.58;8.0;14;0.0
45191;-0.19;-0.32;0.13;9.0;19;0.0
45248;1.31;1.67;-0.36;2.0;11;0.0
46127;-1.5;0.36;-1.86;9.0;18;0.0
46143;-0.08;2.87;-2.95;2.0;11;0.0
46297;-0.17;1.77;-1.94;5.0;8;1.0
47057;-0.85;0.78;-1.64;3.0;9;0.0
47252;0.52;0.73;-0.21;8.0;12;1.0
47324;0.09;2.83;-2.74;3.0;4;1.0
48034;0.07;0.76;-0.68;9.0;10;0.0
48038;0.91;0.44;0.47;3.0;4;0.0
48146;-1.41;-1.41;0;13.0;13;1.0
49127;-0.1;-0.02;-0.08;6.0;20;1.0
50025;0.24;0.8;-0.56;13.0;47;0.0
50341;-0.66;0.82;-1.48;3.0;6;0.0
50394;-0.06;1.67;-1.72;2.0;9;0.0
50410;-0.11;1.14;-1.26;6.0;18;1.0
50484;-0.94;0.24;-1.18;4.0;26;1.0
50565;0.32;0.77;-0.45;2.0;12;0.0
50582;-0.44;0.67;-1.11;1.0;12;0.0
50591;-0.67;1.48;-2.15;2.0;5;0.0
50615;0.11;1.14;-1.02;19.0;17;0.0
51217;-0.1;0.19;-0.29;4.0;22;1.0
51248;-0.15;0.02;-0.17;3.0;12;0.0
51380;-0.4;0.74;-1.14;6.0;20;1.0
51535;-0.72;0.11;-0.83;7.0;20;1.0
52017;-1.84;0.82;-2.65;6.0;8;0.0
52060;-1.21;0.36;-1.57;7.0;13;0.0
52093;-0.41;0.1;-0.52;4.0;11;0.0
52211;-2.05;-1.5;-0.56;2.0;8;0.0
52250;-1.66;-0.19;-1.47;12.0;21;0.0
52331;-1.05;0.11;-1.16;6.0;12;2.0
52550;-0.69;0.59;-1.28;1.0;13;0.0
53097;-0.65;0.18;-0.83;12.0;43;1.0
53182;-0.26;0.25;-0.5;1.0;9;0.0
54076;-0.12;-0.1;-0.02;2.0;11;0.0
54099;-0.61;-0.4;-0.21;6.0;54;1.0
54273;-0.36;0.02;-0.38;4.0;27;0.0
54280;0.11;0.57;-0.46;3.0;19;0.0
54431;-0.64;-0.73;0.09;59.0;63;4.0
55291;-1.19;-0.26;-0.92;8.0;11;0.0
56007;0.57;1.1;-0.53;30.0;39;4.0
56061;0.16;0.73;-0.57;7.0;31;2.0
56066;-0.64;0.42;-1.05;10.0;25;0.0
56083;0.27;0.48;-0.21;23.0;50;1.0
56147;1.15;1.22;-0.07;3.0;19;0.0
56195;0.71;0.76;-0.05;4.0;5;2.0
57106;-0.27;0.12;-0.39;2.0;19;0.0
58079;-1.22;-0.42;-0.8;20.0;23;2.0
58131;0.25;1.13;-0.88;4.0;9;0.0
58232;-0.35;1.05;-1.4;2.0;7;0.0
58250;-1.74;-1.05;-0.7;1.0;7;0.0
59008;-0.61;-1.14;0.52;2.0;23;0.0
59139;-0.99;-0.71;-0.28;7.0;30;0.0
59574;-1.23;-1.36;0.13;5.0;28;0.0
60029;-0.48;-0.61;0.13;3.0;10;0.0
60439;0.08;-0.2;0.27;3.0;18;0.0
61007;-0.31;0.03;-0.34;11.0;16;0.0
61074;-1.24;2.03;-3.27;4.0;5;0.0
61494;-1.27;1.27;-2.54;1.0;7;0.0
62014;-0.46;-0.2;-0.25;28.0;18;0.0
62060;-0.9;-0.16;-0.74;3.0;14;0.0
62080;-0.96;0.1;-1.07;2.0;13;0.0
62215;0.79;0.45;0.34;6.0;38;1.0
62560;-0.04;0.23;-0.27;2.0;21;0.0
62563;0.2;-0.11;0.31;8.0;19;0.0
62667;-0.66;-0.76;0.1;4.0;15;0.0
63001;0.17;1.12;-0.95;8.0;7;0.0
63050;0.38;1.31;-0.93;1.0;17;1.0
63080;1.05;1.55;-0.5;6.0;5;1.0
63195;0.97;1.63;-0.66;12.0;10;1.0
63210;0.21;0.28;-0.07;7.0;16;0.0
63470;1.18;0.93;0.25;6.0;20;1.0
64256;2.43;2.31;0.12;5.0;31;0.0
64320;0.01;1.22;-1.2;4.0;15;0.0
64422;-0.31;0.74;-1.05;13.0;56;4.0
64499;-0.7;1.18;-1.88;11.0;23;1.0
65138;-1.23;-0.88;-0.35;7.0;11;1.0
65287;0.24;3.89;-3.64;1.0;5;0.0
65447;-1.15;-1.22;0.08;1.0;8;0.0
65460;-0.7;0.79;-1.49;3.0;28;0.0
66009;0.6;2.33;-1.73;9.0;15;0.0
66149;0.23;1.29;-1.06;5.0;28;3.0
66230;1.23;2.36;-1.12;5.0;9;1.0
67105;-0.84;0.19;-1.04;2.0;7;0.0
67282;-0.02;0.03;-0.06;2.0;10;1.0
67313;0.47;0.33;0.14;10.0;10;2.0
69171;1.34;0.82;0.52;4.0;11;1.0
69248;-0.78;-0.15;-0.62;9.0;26;1.0
69289;0.19;-0.12;0.31;2.0;8;0.0
70198;-0.51;1.23;-1.74;2.0;12;0.0
70310;-0.69;-0.43;-0.26;5.0;27;3.0
71310;-0.65;0.15;-0.8;1.0;16;0.0
71350;-0.98;-1.13;0.15;1.0;3;0.0
71512;-1.21;-0.57;-0.64;7.0;17;0.0
72029;0.35;1.7;-1.35;4.0;12;0.0
72042;0.3;0.32;-0.02;3.0;7;0.0
72068;-1;1.29;-2.29;1.0;13;0.0
72090;-0.02;0.09;-0.11;3.0;6;1.0
72138;-1;0.09;-1.09;7.0;18;0.0
72191;-0.02;1.04;-1.06;2.0;20;0.0
72231;1.48;1.46;0.01;3.0;19;0.0
72241;-0.49;-0.04;-0.45;4.0;11;1.0
73011;0.73;0.66;0.07;20.0;39;7.0
74042;0.36;-0.34;0.7;6.0;19;1.0
74164;-0.16;-0.33;0.17;1.0;11;0.0
74241;0.9;0.15;0.75;1.0;8;0.0
74311;1.5;0.87;0.63;3.0;6;0.0
76034;-0.19;-0.5;0.31;2.0;8;0.0
76035;-1.62;-0.25;-1.37;5.0;8;0.0
76057;-0.13;-0.29;0.16;6.0;24;0.0
76655;-1.2;-0.29;-0.91;7.0;17;0.0
76700;-0.14;-0.36;0.22;1.0;7;0.0
76752;0.97;1.63;-0.67;0.0;13;0.0
77051;0.98;2.01;-1.03;8.0;8;0.0
77053;2.43;1.73;0.7;6.0;34;0.0
77079;0.47;0.01;0.46;5.0;14;0.0
77100;-0.75;-0.75;0;4.0;16;0.0
77296;0.58;-0.77;1.35;5.0;28;0.0
77458;-0.98;-1.06;0.09;4.0;13;0.0
78089;1.6;1.12;0.48;4.0;14;0.0
78217;0.3;-0.25;0.56;5.0;12;0.0
78402;0.85;0.21;0.65;2.0;8;0.0
78537;-0.6;-0.76;0.16;7.0;18;0.0
79005;-0.14;0.7;-0.84;6.0;15;2.0
79079;0.23;-0.04;0.27;17.0;32;0.0
79083;-1.39;0.19;-1.58;7.0;17;0.0
79179;0.21;0.79;-0.58;4.0;29;1.0
80212;-0.31;0.94;-1.25;6.0;22;1.0
80368;-0.84;-0.31;-0.53;2.0;13;0.0
80410;-0.8;0;-0.8;4.0;22;0.0
80630;-0.63;0.37;-0.99;3.0;17;1.0
80680;-0.25;-0.3;0.04;1.0;7;0.0
80688;-0.01;1.57;-1.58;8.0;12;0.0
80721;-1.45;0.65;-2.1;7.0;8;1.0
81124;-0.25;0.64;-0.89;6.0;17;0.0
81145;0.72;1.16;-0.44;9.0;11;2.0
82094;-0.23;1.64;-1.87;7.0;13;1.0
82117;-0.78;0.16;-0.94;3.0;9;0.0
82186;-0.07;0.78;-0.85;5.0;31;0.0
83004;0.99;0.97;0.03;1.0;23;2.0
83121;-0.46;0.36;-0.81;6.0;13;0.0
84004;1.06;0.72;0.34;3.0;8;1.0
84137;-0.4;0.59;-0.99;21.0;24;8.0
85003;1.62;1.17;0.45;4.0;22;0.0
85018;-0.3;0.83;-1.13;2.0;15;0.0
85109;0.47;0.49;-0.01;13.0;46;0.0
85113;0.37;1.08;-0.72;13.0;14;3.0
85135;-0.2;0.1;-0.29;3.0;12;0.0
85156;1.57;2.24;-0.67;3.0;8;0.0
85182;0.22;0.32;-0.1;10.0;26;0.0
85226;2.06;2.85;-0.79;4.0;27;1.0
86103;-0.24;1;-1.24;5.0;15;0.0
86128;0.13;0.89;-0.76;5.0;10;0.0
86139;-0.4;1.24;-1.64;7.0;14;1.0
87126;-0.48;0.61;-1.09;8.0;12;1.0
87187;0.03;1.18;-1.15;13.0;26;2.0
88258;-2.47;-0.58;-1.89;4.0;5;0.0
88383;-0.28;0.37;-0.65;16.0;31;0.0
89086;-0.84;0.08;-0.92;7.0;21;0.0
89125;-0.05;1.26;-1.32;1.0;6;0.0
89206;-0.64;-0.53;-0.11;26.0;38;1.0
89345;-1.08;-0.67;-0.41;3.0;14;1.0
90009;-0.28;0.17;-0.46;3.0;18;0.0
90033;-0.2;-0.21;0.01;7.0;20;1.0
91045;0.48;0.24;0.24;3.0;15;0.0
91338;-0.68;-0.9;0.22;3.0;24;1.0
95351;2.81;1.9;0.92;6.0;18;0.0
95355;0.57;0.25;0.32;8.0;13;1.0
95370;-0.49;-0.11;-0.39;4.0;15;0.0
97128;-0.07;-0.36;0.29;2.0;36;1.0
97131;-1.12;-0.76;-0.36;3.0;9;0.0
97220;-0.57;-0.54;-0.03;3.0;18;0.0
97223;1.52;1.64;-0.11;3.0;16;0.0
97230;-1.38;-1.53;0.14;7.0;42;0.0
97231;-1.55;-1.83;0.28;7.0;24;0.0
97308;1.92;-1.09;3.01;1.0;16;0.0
97402;0.78;-0.14;0.93;3.0;40;0.0
97417;-0.13;-0.63;0.49;6.0;15;1.0
97421;-0.32;-1.17;0.85;9.0;27;0.0
